<?xml version="1.0" encoding="utf-8" standalone="yes" ?>
<Window>
	<Font id = "0" name="字体索引0" size="28" bold="false" italic="false" bold="true" />
	<Font id = "1" name="字体索引0" size="24" bold="false" italic="false" bold="false" />
    <VerticalLayout bkcolor="#FFD1E8F5" bkcolor2="#FFC6E0F1" bordercolor="#FF768D9B" bordersize="1" borderround="5,5" inset="1,0,1,0">
        <HorizontalLayout height="100" >
			<Label text="请扫卡登录" align="center" font="0"/>
		</HorizontalLayout>
		<HorizontalLayout>		
			<VerticalLayout width="100" />
			<Button name="btnCenter" bkimage="Images/card.jpg" />
			<VerticalLayout width="100" />
        </HorizontalLayout>		
		<HorizontalLayout height="75" />
		<HorizontalLayout height="35" padding="5">
			<Label name="lblStatusDb" text="数据库没有连接上" width="250" font="1" />
			<Label name="lblStatusReader" text="读卡器没有连接上" font="1" />
		</HorizontalLayout>
    </VerticalLayout>
</Window>