<?xml version="1.0" encoding="utf-8" standalone="yes" ?>
<Window>
	<Font id = "0" name="字体索引0" size="28" bold="false" italic="false" bold="true" />
	<Font id = "1" name="字体索引0" size="24" bold="false" italic="false" bold="false" />
    <VerticalLayout bkcolor="#FFD1E8F5" bkcolor2="#FFC6E0F1" bordercolor="#FF768D9B" bordersize="1" borderround="5,5" inset="1,0,1,0">
        
		<HorizontalLayout height="10" />
		<!--
		<HorizontalLayout height="30" >
			<Control />
			<Label text="请选择登录界面：" width="200" font="1" height="30" textcolor="#FF386382" />
			<Combo name="cmbType" width="200" height="30" normalimage="file='Images/Combo_nor.bmp' corner='2,2,24,2'" hotimage="file='Images/Combo_over.bmp' corner='2,2,24,2'" pushedimage="file='Images/Combo_over.bmp' corner='2,2,24,2'" textpadding="5,1,5,1" itemfont="1" itemtextcolor="#FF386382" itemselectedtextcolor="#FF386382" >
				<ListLabelElement text="小包装盘点" selected="true" padding="5,1,5,1" />
				<ListLabelElement text="大包装盘点" padding="5,1,5,1" />
			</Combo>
			<Control />
		</HorizontalLayout>
		-->
		
		<HorizontalLayout height="20" />
		
		<HorizontalLayout height="30" >
			<Label text="请扫卡登录" align="center" font="0" textcolor="#FF386382" />
		</HorizontalLayout>
		
		<HorizontalLayout height="10" />
		
		<HorizontalLayout>		
			<VerticalLayout width="100" />
			<Button name="btnCenter" bkimage="Images/card.jpg" />
			<VerticalLayout width="100" />
        </HorizontalLayout>		
		<HorizontalLayout height="75" />
		<HorizontalLayout height="35" padding="5">
			<Label name="lblStatusDb" text="数据库没有连接上" width="250" font="1" textcolor="#FF386382" />
			<Label name="lblStatusReader" text="读卡器没有连接上" font="1" textcolor="#FF386382" />
		</HorizontalLayout>
    </VerticalLayout>
</Window>