<?xml version="1.0" encoding="utf-8" standalone="yes" ?>
<Window>
	<Font id="0" name="宋体" size="32"  />
	<Font id="1" name="宋体" size="24"  />
    <VerticalLayout bkcolor="#FFD1E8F5" bkcolor2="#FFC6E0F1" bordercolor="#FF768D9B" bordersize="1" borderround="5,5" inset="1,0,1,0">
        <HorizontalLayout height="100" >	
			<Button width="100" name="new"   normalimage="Images/new.png" hotimage="Images/new_hot.png" pushedimage="Images/new_pushed.png" disabledimage="Images/new_disabled.png" />
			<Button width="100" name="save"  normalimage="Images/save.png" hotimage="Images/save_hot.png" pushedimage="Images/save_pushed.png" disabledimage="Images/save_disabled.png"/>
			<Button width="100" name="query" normalimage="Images/query.png" hotimage="Images/query_hot.png" pushedimage="Images/query_pushed.png"/>
			<Button width="100" name="twodimcode" normalimage="Images/twodimcode.png" hotimage="Images/twodimcode_hot.png" pushedimage="Images/twodimcode_pushed.png" disabledimage="Images/twodimcode_disabled.png" />
			<Control />
			<Control width="389" bkimage="Images/logo.bmp" />
			<Control width="10" />
		</HorizontalLayout>
		
		<HorizontalLayout height="20"/>
		<HorizontalLayout>		
			<VerticalLayout width="100" />
			<VerticalLayout>
				<HorizontalLayout height="40">
					<Label text="当前登录用户：" width="200" height="30" font="1" /><Label name="login_user" text="某某某 " width="100" height="40" font="0" />
				</HorizontalLayout>
				<HorizontalLayout height="10" />
				<HorizontalLayout height="40">
					<Label text="当月批次：" width="200" height="30" font="1" /><Edit name="batch_id" text="批次" height="40" width="300" font="0" />
				</HorizontalLayout>
				<HorizontalLayout height="10" />
				<HorizontalLayout height="40">
					<Label text="生成包装号：" width="200" height="30" font="1" /><Edit name="package_id" text="包装号" height="40" width="300" readonly="true" bkcolor="0xFFCCCCCC" nativebkcolor="0xFFCCCCCC" font="0" />
				</HorizontalLayout>
				<HorizontalLayout height="30" />
				<List name="list_data" bkcolor="#FFFFFFFF" inset="0,0,0,0" itemtextpadding="10,0,10,0" bordersize="1" bordercolor="#FFD7D7D7" itemshowhtml="true" vscrollbar="true" hscrollbar="false" itemalign="left"  itemaltbk="true" itemshowrowline="true" itemshowcolumnline="true" itemlinecolor="#FFD7D7D7">
					<ListHeader height="40" bkcolor="#FFE6ECF7" bordersize="1" bordercolor="#FFD7D7D7">
						<ListHeaderItem text="Tag ID" name="es_header_name_dbclick"  width="750" align="center" />
						<Control width="1" bkcolor="#FFD7D7D7"/>
					</ListHeader>
				 </List>
				 <HorizontalLayout height="80">
					<Label name="lblCount" text="总数：0" font="0" width="200" height="80"/>
				 </HorizontalLayout>
			</VerticalLayout>
			<VerticalLayout width="100" />
        </HorizontalLayout>
		<HorizontalLayout height="10" />			
		<HorizontalLayout height="35" padding="5">
			<Label name="lblStatusDb" text="数据库没有连接上" width="250" font="1" />
			<Label name="lblStatusReader" text="读卡器没有连接上" width="250" font="1" />
			<Label name="lblStatusInv" text="盘点状态"  font="1" />
		</HorizontalLayout>
    </VerticalLayout>
</Window>