<?xml version="1.0" encoding="utf-8" standalone="yes" ?>
<Window>
	<Font id = "0" name="字体索引0" size="24" bold="false" italic="false" bold="false" />
	<Font id = "1" name="字体索引0" size="18" bold="false" italic="false" bold="false" />
    <VerticalLayout bkcolor="#FFD1E8F5" bkcolor2="#FFC6E0F1" bordercolor="#FF768D9B" bordersize="1" borderround="5,5" inset="10,10,10,0">		
		<HorizontalLayout height="130">
			<VerticalLayout>
				<HorizontalLayout height="30" padding="10,5,10,5">
				<Label text="起始时间：" width="150" height="30" font="0" /><DateTime name="DateTime1" width="170" height="30" bkcolor="#FFFFFFFF" font="0"  />
				</HorizontalLayout>
				<HorizontalLayout height="30" padding="10,5,10,5">
					<Label text="结束时间：" width="150" height="30" font="0" /><DateTime name="DateTime2" width="170" height="30" bkcolor="#FFFFFFFF"  font="0"  />
				</HorizontalLayout>
				<HorizontalLayout height="30" padding="10,5,10,5">
					<Label text="操作人员：" width="150" height="30" font="0" /><Edit name="operator" text="" width="170" height="30"  font="0"   />
				</HorizontalLayout>
			</VerticalLayout>
			<VerticalLayout >
				<HorizontalLayout height="50" />
				<Button name="query" text="查询" font="0" width="100" height="50" normalimage="Images/button_normal.png" hotimage="Images/button_hover.png" pushedimage="Images/button_pushed.png"  />
			</VerticalLayout>
		</HorizontalLayout>

		<HorizontalLayout padding="10,10,10,10">	
			<List name="result" itemfont="1" bkcolor="#FFFFFFFF" inset="0,0,0,0" itemtextpadding="10,0,10,0" bordersize="1" bordercolor="#FFD7D7D7" itemshowhtml="true" vscrollbar="true" hscrollbar="false" itemalign="left"  itemaltbk="true" itemshowrowline="true" itemshowcolumnline="true" itemlinecolor="#FFD7D7D7">
				<ListHeader height="40" bkcolor="#FFE6ECF7" bordersize="1" bordercolor="#FFD7D7D7">
					<ListHeaderItem text="id" width="40" align="center" font="1"  />
					<Control width="1" bkcolor="#FFD7D7D7"/>
					<ListHeaderItem text="procetype" width="100" align="center" font="1"  />
					<Control width="1" bkcolor="#FFD7D7D7"/>
					<ListHeaderItem text="proceman" width="100" align="center" font="1"  />
					<Control width="1" bkcolor="#FFD7D7D7"/>
					<ListHeaderItem text="procetime" width="200" align="center" font="1"  />
					<Control width="1" bkcolor="#FFD7D7D7"/>
					<ListHeaderItem text="tags" width="50" align="center" font="1"  />
					<Control width="1" bkcolor="#FFD7D7D7"/>
					<ListHeaderItem text="batch id" width="200" align="center" font="1"  />
					<Control width="1" bkcolor="#FFD7D7D7"/>
				</ListHeader>
			</List>
        </HorizontalLayout>		
    </VerticalLayout>
</Window>