<?xml version="1.0" encoding="UTF-8"?>
<Window>
	<HorizontalLayout bordersize="1" bordercolor="#FFC5C5C5" menu="false" inset="20,0,20,20" >	
		
		<VerticalLayout width="204" >
			<HorizontalLayout height="45" inset="0,10,0,0" >
				<Button name="btnDel" width="16" height="16" bordercolor="#FF768D9B" bordersize="0" textcolor="#FF447AA1" foreimage="del.png" normalimage="toolbar_normal.png" pushedimage="toolbar_pushed.png" selectedimage="toolbar_pushed.png" />
			</HorizontalLayout>
			
			<VerticalLayout bordersize="1" bordercolor="#FFC5C5C5" inset="10,10,10,2" >
				<HorizontalLayout height="24">
					<Label text="位置：" width="50" font="3" textcolor="#FF447AA1" />
					<Label text="" font="3" textcolor="#FF447AA1" name="lblAddress" />
				</HorizontalLayout>
				
				<HorizontalLayout height="10" />
				
				<HorizontalLayout height="34">
					<Label text="温度：" width="50" font="3" textcolor="#FF447AA1" />
					<Label text="" font="5" textcolor="#FF14B914" name="lblTemp" />
				</HorizontalLayout>
								
				<HorizontalLayout height="20">
					<Label text="时间：" width="50" font="3" textcolor="#FF447AA1" />
					<Label text="" font="3" textcolor="#FF447AA1" name="lblTime" />
				</HorizontalLayout>
				
				<HorizontalLayout />
				
				<HorizontalLayout height="20">
					<Label text="编号：" width="50" font="3" textcolor="#FF447AA1" />
					<Label text="" font="3" textcolor="#FF447AA1" name="lblDeviceId" />
				</HorizontalLayout>
				
			</VerticalLayout>
			
			<HorizontalLayout height="6" />
			
		</VerticalLayout>
		
		<Control width="20" />
		
		<TempRule name="rule" />
	</HorizontalLayout>
</Window>