<?xml version="1.0" encoding="utf-8"?>
<Window>
	<VerticalLayout>
		<HorizontalLayout height="10" />
		
		<HorizontalLayout height="30">
			<Label text="#-2 实时数据显示(单位：℃)" textcolor="#FF447AA1" align="center" font="1" name="lblDevicesTitle" />
		</HorizontalLayout>	
		
		<HorizontalLayout height="20" />
		
		<HorizontalLayout inset="10,0,10,0" >
			<TileLayout name="layDevices" vscrollbar="true" hscrollbar="false"  />
		</HorizontalLayout>
		
		
	</VerticalLayout>
</Window>