<?xml version="1.0" encoding="utf-8"?>
<Window>
	<VerticalLayout>
		<HorizontalLayout height="10" />
		
		<HorizontalLayout height="30">
			<Label text="楼层" textcolor="#FF447AA1" align="center" font="1" />
		</HorizontalLayout>		
		
		<HorizontalLayout height="16" inset="10,0,10,0"  >
			<Button name="btnAddFloor" width="16" height="16" bordercolor="#FF768D9B" bordersize="0" textcolor="#FF447AA1" foreimage="add.png" normalimage="toolbar_normal.png" hotimage="toolbar_hover.png" pushedimage="toolbar_pushed.png" selectedimage="toolbar_pushed.png" />
			
			<Control width="10" />
			
			<Button name="btnDelFloor" width="16" height="16" bordercolor="#FF768D9B" bordersize="0" textcolor="#FF447AA1" foreimage="del.png" normalimage="toolbar_normal.png" hotimage="toolbar_hover.png" pushedimage="toolbar_pushed.png" selectedimage="toolbar_pushed.png" />
			
			<Control width="10" />
		</HorizontalLayout>	

		<HorizontalLayout inset="10,20" >
			<List name="lstFloors" inset="1,1,1,1" itemshowhtml="true" vscrollbar="true" hscrollbar="false" itemalign="left" itemaltbk="false" bordercolor="#FF768D9B" bordersize="0" itemselectedbkcolor="#FF007ACC" >
				<ListHeader height="24" visible="false" >
					<ListHeaderItem text="楼层"      font="2" width="280"  textcolor="#FF386382" hotimage="file='list_header_hot.png'" pushedimage="file='list_header_pushed.png'" sepimage="file='list_header_sep.png'" sepwidth="1"/>
				</ListHeader>
			</List>
		</HorizontalLayout >		
	</VerticalLayout>
</Window>