<?xml version="1.0" encoding="UTF-8"?>
<Window>
	<HorizontalLayout height="30" bordercolor="#FF768D9B" bordersize="1,0,1,1" inset="1,1,1,1" name="lay_1" >
		<Combo name="cmbType" width="100" hotimage="file='Combo_over.bmp' corner='2,2,24,2'" pushedimage="file='Combo_over.bmp' corner='2,2,24,2'" textpadding="5, 1, 5, 1" itemfont="2" itemtextcolor="#FF386382" itemselectedtextcolor="#FF386382" bordercolor="#FF768D9B" bordersize="0,0,1,0" >  			
		</Combo>
		
		<HorizontalLayout width="5" />
		
		<HorizontalLayout width="200" >
			<DateTime name="date_1" width="100" bkcolor="#FFFFFFFF" font="2" textcolor="#FF386382" bordercolor="#FF768D9B" bordersize="0" textpadding="5,0,5,0" />
			<HorizontalLayout width="5" />
			<Edit name="edt_1" font="2" textcolor="#FF386382" width="25" numberonly="true" bordercolor="#FF768D9B" bordersize="0" />
			<Label font="2" textcolor="#FF386382" text="时" width="20" />		
			<Edit name="edt_2" font="2" textcolor="#FF386382" width="25" numberonly="true" bordercolor="#FF768D9B" bordersize="0" />
			<Label font="2" textcolor="#FF386382" text="分" width="20" />
		</HorizontalLayout>
					
		<HorizontalLayout name="lay_2" width="220" visible="false" >
			<Label font="2" textcolor="#FF0000FF" text="到" width="20" />
			<DateTime name="date_2" width="100" bkcolor="#FFFFFFFF" font="2" textcolor="#FF386382" bordercolor="#FF768D9B" bordersize="0" textpadding="5,0,5,0" />
			<HorizontalLayout width="5" />
			<Edit name="edt_3" font="2" textcolor="#FF386382" width="25" numberonly="true" bordercolor="#FF768D9B" bordersize="0" />
			<Label font="2" textcolor="#FF386382" text="时" width="20" />		
			<Edit name="edt_4" font="2" textcolor="#FF386382" width="25" numberonly="true" bordercolor="#FF768D9B" bordersize="0" />
			<Label font="2" textcolor="#FF386382" text="分" width="20" />
		</HorizontalLayout>
		
		<Control />
		<VerticalLayout width="16">
			<Control />
			<Control bkimage="selected.png" height="16" name="sel" visible="false" />
			<Control />
		</VerticalLayout>
		
	</HorizontalLayout>
</Window>