<?xml version="1.0" encoding="UTF-8"?>
<Window>
	<VerticalLayout bordersize="1" bordercolor="#FF000000" name="laySixGrids" inset="1,1,1,1"  >
		<HorizontalLayout name="top" >
			<Label text="4" align="center" font="4" textcolor="#FF0000FF" bordersize="0,0,1,0" bordercolor="#FF000000" bkcolor="#FFCCCCCC" />
			<Label text="8" align="center" font="4" textcolor="#FF0000FF" bordersize="0,0,1,0" bordercolor="#FF000000" bkcolor="#FFCCCCCC" />
			<Label text="12" align="center" font="4" textcolor="#FF0000FF" bordersize="0,0,1,0" bordercolor="#FF000000" bkcolor="#FFCCCCCC" />
			<Label text="4" align="center" font="4" textcolor="#FF0000FF" bordersize="0,0,1,0" bordercolor="#FF000000" bkcolor="#FFCCCCCC" />
			<Label text="8" align="center" font="4" textcolor="#FF0000FF" bordersize="0,0,1,0" bordercolor="#FF000000" bkcolor="#FFCCCCCC" />
			<Label text="12" align="center" font="4" textcolor="#FF0000FF" bordersize="0,0,0,0" bordercolor="#FF000000" bkcolor="#FFCCCCCC" />
		</HorizontalLayout>
		
		<HorizontalLayout name="bottom" >
			<Edit bordersize="0,0,1,0" bordercolor="#FF000000" align="center" font="2" numberonly="true" name="edt_1" />
			<Edit bordersize="0,0,1,0" bordercolor="#FF000000" align="center" font="2" numberonly="true" name="edt_2" />
			<Edit bordersize="0,0,1,0" bordercolor="#FF000000" align="center" font="2" numberonly="true" name="edt_3" />
			<Edit bordersize="0,0,1,0" bordercolor="#FF000000" align="center" font="2" numberonly="true" name="edt_4" />
			<Edit bordersize="0,0,1,0" bordercolor="#FF000000" align="center" font="2" numberonly="true" name="edt_5" />
			<Edit bordersize="0,0,0,0" bordercolor="#FF000000" align="center" font="2" numberonly="true" name="edt_6" />
		</HorizontalLayout>
	</VerticalLayout>
</Window>