<?xml version="1.0" encoding="UTF-8"?>
<Window size="1024,768" mininfo="800,600" caption="0,0,0,32" sizebox="4,4,4,4" roundcorner="0,0"> <!-- 窗口的初始尺寸(宽800，高600)、窗口的最小尺寸(宽600，高400)、标题栏拖拽区域(高32)、可拖拽边框大小(这里添加sizebox后就可以拖拽边框调整大小了) -->
	<Font id="0" name="宋体" size="12" bold="true" />
	<!-- 伸缩按钮 -->
	<Font id="1" name="宋体" size="12" bold="false" />
	<!-- grid 字体大小 -->
	<Font id="2" name="宋体" size="18" bold="false" />
	<!-- list 字体大小 -->
	<Font id="3" name="宋体" size="15" bold="false" />
	<!-- 折线图 -->
	<Font id="4" name="宋体" size="20" bold="false" />
	
	<Default name="VScrollBar" value="button1normalimage=&quot;file='scrollbar.bmp' source='0,90,16,106' mask='#FFFF00FF'&quot; button1hotimage=&quot;file='scrollbar.bmp' source='18,90,34,106' mask='#FFFF00FF'&quot; button1pushedimage=&quot;file='scrollbar.bmp' source='36,90,52,106' mask='#FFFF00FF'&quot; button1disabledimage=&quot;file='scrollbar.bmp' source='54,90,70,106' mask='#FFFF00FF'&quot; button2normalimage=&quot;file='scrollbar.bmp' source='0,108,16,124' mask='#FFFF00FF'&quot; button2hotimage=&quot;file='scrollbar.bmp' source='18,108,34,124' mask='#FFFF00FF'&quot; button2pushedimage=&quot;file='scrollbar.bmp' source='36,108,52,124' mask='#FFFF00FF'&quot; button2disabledimage=&quot;file='scrollbar.bmp' source='54,108,70,124' mask='#FFFF00FF'&quot; thumbnormalimage=&quot;file='scrollbar.bmp' source='0,126,16,142' corner='2,2,2,2' mask='#FFFF00FF'&quot; thumbhotimage=&quot;file='scrollbar.bmp' source='18,126,34,142' corner='2,2,2,2' mask='#FFFF00FF'&quot; thumbpushedimage=&quot;file='scrollbar.bmp' source='36,126,52,142' corner='2,2,2,2' mask='#FFFF00FF'&quot; thumbdisabledimage=&quot;file='scrollbar.bmp' source='54,126,70,142' corner='2,2,2,2' mask='#FFFF00FF'&quot; railnormalimage=&quot;file='scrollbar.bmp' source='0,144,16,160' corner='2,2,2,2' mask='#FFFF00FF'&quot; railhotimage=&quot;file='scrollbar.bmp' source='18,144,34,160' corner='2,2,2,2' mask='#FFFF00FF'&quot; railpushedimage=&quot;file='scrollbar.bmp' source='36,144,52,160' corner='2,2,2,2' mask='#FFFF00FF'&quot; raildisabledimage=&quot;file='scrollbar.bmp' source='54,144,70,160' corner='2,2,2,2' mask='#FFFF00FF'&quot; bknormalimage=&quot;file='scrollbar.bmp' source='0,162,16,178' corner='2,2,2,2' mask='#FFFF00FF'&quot; bkhotimage=&quot;file='scrollbar.bmp' source='18,162,34,178' corner='2,2,2,2' mask='#FFFF00FF'&quot; bkpushedimage=&quot;file='scrollbar.bmp' source='36,162,52,178' corner='2,2,2,2' mask='#FFFF00FF'&quot; bkdisabledimage=&quot;file='scrollbar.bmp' source='54,162,70,178' corner='2,2,2,2' mask='#FFFF00FF'&quot; " />
	<Default name="HScrollBar" value="button1normalimage=&quot;file='scrollbar.bmp' source='0,0,16,16' mask='#FFFF00FF'&quot; button1hotimage=&quot;file='scrollbar.bmp' source='18,0,34,16' mask='#FFFF00FF'&quot; button1pushedimage=&quot;file='scrollbar.bmp' source='36,0,52,16' mask='#FFFF00FF'&quot; button1disabledimage=&quot;file='scrollbar.bmp' source='54,0,70,16' mask='#FFFF00FF'&quot; button2normalimage=&quot;file='scrollbar.bmp' source='0,18,16,34' mask='#FFFF00FF'&quot; button2hotimage=&quot;file='scrollbar.bmp' source='18,18,34,34' mask='#FFFF00FF'&quot; button2pushedimage=&quot;file='scrollbar.bmp' source='36,18,52,34' mask='#FFFF00FF'&quot; button2disabledimage=&quot;file='scrollbar.bmp' source='54,18,70,34' mask='#FFFF00FF'&quot; thumbnormalimage=&quot;file='scrollbar.bmp' source='0,36,16,52' corner='2,2,2,2' mask='#FFFF00FF'&quot; thumbhotimage=&quot;file='scrollbar.bmp' source='18,36,34,52' corner='2,2,2,2' mask='#FFFF00FF'&quot; thumbpushedimage=&quot;file='scrollbar.bmp' source='36,36,52,52' corner='2,2,2,2' mask='#FFFF00FF'&quot; thumbdisabledimage=&quot;file='scrollbar.bmp' source='54,36,70,52' corner='2,2,2,2' mask='#FFFF00FF'&quot; railnormalimage=&quot;file='scrollbar.bmp' source='0,54,16,70' corner='2,2,2,2' mask='#FFFF00FF'&quot; railhotimage=&quot;file='scrollbar.bmp' source='18,54,34,70' corner='2,2,2,2' mask='#FFFF00FF'&quot; railpushedimage=&quot;file='scrollbar.bmp' source='36,54,52,70' corner='2,2,2,2' mask='#FFFF00FF'&quot; raildisabledimage=&quot;file='scrollbar.bmp' source='54,54,70,70' corner='2,2,2,2' mask='#FFFF00FF'&quot; bknormalimage=&quot;file='scrollbar.bmp' source='0,72,16,88' corner='2,2,2,2' mask='#FFFF00FF'&quot; bkhotimage=&quot;file='scrollbar.bmp' source='18,72,34,88' corner='2,2,2,2' mask='#FFFF00FF'&quot; bkpushedimage=&quot;file='scrollbar.bmp' source='36,72,52,88' corner='2,2,2,2' mask='#FFFF00FF'&quot; bkdisabledimage=&quot;file='scrollbar.bmp' source='54,72,70,88' corner='2,2,2,2' mask='#FFFF00FF'&quot; " />
	
	
	<VerticalLayout>
		<VerticalLayout bkcolor="#FFD1E8F5" bkcolor2="#FFC6E0F1" bordercolor="#FF768D9B" bordersize="1" inset="1,1,1,1" > <!-- 整个窗口的背景色 -->
			<!-- 标题栏区 -->
			<HorizontalLayout height="32" bkcolor="#FFCCE3F0" > <!-- 标题栏背景色 bkcolor、bkcolor2、bkcolor3分别是渐变色的三个值-->   
				<HorizontalLayout inset="10,1,10,1" width="280" >
					<Container width="61" height="27" bkimage="file='logo.png'" />
					<VerticalLayout>
						<Control />
						<Text text="泰利美信可穿戴设备监控中心" textcolor="#FF447AA1" font="0" />
						<Control />
					</VerticalLayout>
				</HorizontalLayout>
				<VerticalLayout /> <!-- 占空位，占据左边所有的空位-->
				<VerticalLayout width="126"> <!-- 右边三个控件所占的宽度-->
					<Button name="menubtn"                    tooltip="主菜单" float="true" pos="0,5,26,23"  width="26" normalimage=" file='frame_btn_menu.bmp' source='0,0,26,18' mask='#FFFF00FF' " hotimage=" file='frame_btn_menu.bmp' source='26,0,52,18' mask='#FFFF00FF' " pushedimage=" file='frame_btn_menu.bmp' source='52,0,78,18' mask='#FFFF00FF' "/>
					<!--<Button name="menubtn"                    tooltip="主菜单" float="true" pos="0,5,26,23"  width="26" normalimage="2.png" hotimage="2.png" pushedimage="2.png"/>-->
					<Button name="minbtn"                     tooltip="最小化" float="true" pos="26,5,52,23"  width="26" normalimage=" file='frame_btn_min.bmp' source='0,0,26,18' mask='#FFFF00FF' " hotimage=" file='frame_btn_min.bmp' source='26,0,52,18' mask='#FFFF00FF' " pushedimage=" file='frame_btn_min.bmp' source='52,0,78,18' mask='#FFFF00FF' "/>
					<Button name="maxbtn"                     tooltip="最大化" float="true" pos="52,5,78,23" width="26" normalimage=" file='frame_btn_max.bmp' source='0,0,26,18'"                   hotimage=" file='frame_btn_max.bmp' source='26,0,52,18'"                   pushedimage=" file='frame_btn_max.bmp' source='52,0,78,18' " disabledimage=" file='frame_btn_max.bmp' source='78,0,104,18' "  />
					<Button name="restorebtn" visible="false" tooltip="还原"   float="true" pos="52,5,78,23" width="26" normalimage=" file='frame_btn_max.bmp' source='104,0,130,18'"                hotimage=" file='frame_btn_max.bmp' source='130,0,156,18'"                 pushedimage=" file='frame_btn_max.bmp' source='156,0,182,18' " />
					<Button name="closebtn"                   tooltip="关闭"   float="true" pos="78,5,104,23" width="42" normalimage=" file='frame_btn_close_normal.bmp' mask='#FFFF00FF'" hotimage=" file='frame_btn_close_hot.bmp' mask='#FFFF00FF'" pushedimage=" file='frame_btn_close_down.bmp' mask='#FFFF00FF'"/>
				</VerticalLayout>      
			</HorizontalLayout>
			
			<!-- 客户区 -->
			<TabLayout name="switch">
				<VerticalLayout>
					<HorizontalLayout inset="10,0,10,0">
						<VerticalLayout>
							<TileLayout bkcolor="#FF434248" inset="0,0,0,0" name="layGrids" columns="2" />	
							
							<!-- 分页 -->
							<HorizontalLayout inset="0,2,0,2" height="34" name="layGridsPages" visible="true" >
								<Control />
								<Button name="btnPrevPage" text="上一页" font="3" textcolor="#FF386382"   width = "100" normalimage="file='win7_button_normal.png' corner='5,5,5,5' hole='false' " hotimage
								="file='win7_button_hot.png' corner='5,5,5,5' hole='false' " pushedimage="file='win7_button_pushed.png' corner='5,5,5,5' hole='false' " enabled="false" />
								<Control width="150" />
								<Button name="btnNextPage" text="下一页" font="3" textcolor="#FF386382"   width = "100" normalimage="file='win7_button_normal.png' corner='5,5,5,5' hole='false' " hotimage
								="file='win7_button_hot.png' corner='5,5,5,5' hole='false' " pushedimage="file='win7_button_pushed.png' corner='5,5,5,5' hole='false' " enabled="false" />
								<Control />
							</HorizontalLayout>
						</VerticalLayout>
						
						<Button width="16" text="<" font="1" name="btnExpand" bkcolor="#FFCCCCCC" />	
						
						<VerticalLayout bkcolor="#FF00FF00" name="layList" width="494" >
							<List name="lstItems" bkcolor="#FFCCCCCC" inset="1,1,1,1" itemshowhtml="false" vscrollbar="true" hscrollbar="true" headerbkimage="file='list_header_bg.png'" itemalign="center" itembkcolor="#FFFFFFFF" itemaltbk="true" menu="true" bordercolor="#FF768D9B" bordersize="1" itemfont="3" itemtextcolor="#FF386382"  >
								<ListHeader height="24" menu="true">
									<ListHeaderItem text="序号"      font="3" width="50"  textcolor="#FF386382" hotimage="file='list_header_hot.png'" pushedimage="file='list_header_pushed.png'" sepimage="file='list_header_sep.png'" sepwidth="1"/>
									<ListHeaderItem text="姓名"    font="3" width="70"  textcolor="#FF386382" hotimage="file='list_header_hot.png'" pushedimage="file='list_header_pushed.png'" sepimage="file='list_header_sep.png'" sepwidth="1" name="hdName"/>
									<ListHeaderItem text="心率"      font="3" width="70"  textcolor="#FF386382" hotimage="file='list_header_hot.png'" pushedimage="file='list_header_pushed.png'" sepimage="file='list_header_sep.png'" sepwidth="1" name="headerPhone" name="hdHeartBeat"  />
									<ListHeaderItem text="血氧"      font="3" width="70"  textcolor="#FF386382" hotimage="file='list_header_hot.png'" pushedimage="file='list_header_pushed.png'" sepimage="file='list_header_sep.png'" sepwidth="1" name="hdOxy" />
									<ListHeaderItem text="体温(℃)"    font="3" width="90"  textcolor="#FF386382" hotimage="file='list_header_hot.png'" pushedimage="file='list_header_pushed.png'" sepimage="file='list_header_sep.png'" sepwidth="1" name="hdTemp" />
									<ListHeaderItem text="设备编号"      font="3" width="90"  textcolor="#FF386382" hotimage="file='list_header_hot.png'" pushedimage="file='list_header_pushed.png'" sepimage="file='list_header_sep.png'" sepwidth="1"   />
									<ListHeaderItem text="告警"  font="3" width="50"  textcolor="#FF386382" hotimage="file='list_header_hot.png'" pushedimage="file='list_header_pushed.png'" sepimage="file='list_header_sep.png'" sepwidth="1"   />
								</ListHeader>
							</List>
							<Edit name="edName" float="true" pos="100,100,160,130" visible="false" bkcolor="0xFFC1E3FF" nativebkcolor="0xFFC1E3FF" font="3" textcolor="#FF000000" />
						</VerticalLayout>
						
					</HorizontalLayout>			
										
				</VerticalLayout>
				
				<VerticalLayout name="layCurve" inset="10,0,10,0" >
					<VerticalLayout bkcolor="#FF434248" inset="10,0,10,0">
						<HorizontalLayout height="40">
							<Control bkimage="zhexian.png" width="40" height="40" />
							<Control width="10" />
							<Label text="体征数据折线图(" textcolor="#FFFFFFFF" font="4" width="160" />
							<VerticalLayout width="50" inset="0,0,10,0">
								<Control />
								<Control height="2" bkcolor="#FFFF0000" name="cHeartBeat" />
								<Control />
							</VerticalLayout>											
							<Label text="心率" width="60" font="4" textcolor="#FFFFFFFF" />
							<VerticalLayout width="50" inset="0,0,10,0">
								<Control />
								<Control height="2" bkcolor="#FF00FF00" name="cOxy" />
								<Control />
							</VerticalLayout>	
							<Label text="血氧" width="60" font="4" textcolor="#FFFFFFFF" />
							<VerticalLayout width="50" inset="0,0,10,0">
								<Control />
								<Control height="2" bkcolor="#FF0000FF" name="cTemp" />
								<Control />
							</VerticalLayout>	
							<Label text="体温" width="50" font="4" textcolor="#FFFFFFFF" />
							<Label text=")" textcolor="#FFFFFFFF" font="4" />
						</HorizontalLayout>												
						
						<HorizontalLayout height="24">
							<Control width="24" height="24" bkimage="user.png" tooltip="姓名" />
							<Control width="10" />
							<Label text="测试" font="4" textcolor="#FFFFFFFF" name="lblNameCurve" />
						</HorizontalLayout>	
						
						<VerticalLayout inset="10,10,10,10">						
							<HorizontalLayout hscrollbar="true" vscrollbar="false" sepheight="4" inset="0,0,0,0" >
								<MyImage name="cstMyImage" bordercolor="#FF666666" bordersize="0" /> 
							</HorizontalLayout>							
						</VerticalLayout>
						
					</VerticalLayout>					
				</VerticalLayout>				
			</TabLayout>				
				
		</VerticalLayout>
		
		<!-- 状态栏 -->
		<HorizontalLayout height="30" bkcolor="#FF007ACC" inset="10,3,10,3">
			<Label name="lblStatus"   text="没有打开串口"  font="0" textcolor="#FFCAF100"  /><Control width="1" bkimage="sep.png" /><Control width="10" />		
		</HorizontalLayout>
	</VerticalLayout>
</Window>