<?xml version="1.0" encoding="utf-8"?>
<Window>	
	<VerticalLayout bkcolor="#FF43424C" inset="0,0,0,0" >
	
		<HorizontalLayout inset="10,20,10,0" height="50">
			<Label text="查询条件" textcolor="#FFFFFFFF" font="90" />			
		</HorizontalLayout>
		
		<HorizontalLayout inset="20,0,20,0" height="30">
			<Label text="姓名：" textcolor="#FFFFFFFF" font="91" width="100" />			
			<Edit  font="91" name="edtQName1" width="200" textcolor="#FF386382" />
		</HorizontalLayout>
		
		<HorizontalLayout inset="20,10,20,0" height="40">
			<Label text="性别：" textcolor="#FFFFFFFF" font="91" width="100" />			
			<Combo name="cmbQSex1" width="100" normalimage="file='Combo_nor.bmp' corner='2,2,24,2'" hotimage="file='Combo_over.bmp' corner='2,2,24,2'" pushedimage="file='Combo_over.bmp' corner='2,2,24,2'" textpadding="5,1,5,1" itemfont="91" itemtextcolor="#FF386382" itemselectedtextcolor="#FF386382">
				<ListLabelElement text="(空)" selected="true" padding="5,1,5,1" />
				<ListLabelElement text="男" padding="5,1,5,1" />
				<ListLabelElement text="女" padding="5,1,5,1" />
			</Combo>
		</HorizontalLayout>
		
		<HorizontalLayout inset="20,10,20,0" height="40">
			<Label text="年龄：" textcolor="#FFFFFFFF" font="91" width="100" />			
			<Edit  font="91" name="edtQAge1" width="200" textcolor="#FF386382" />
		</HorizontalLayout>
		
		<HorizontalLayout inset="20,10,20,0" height="40">
			<Label text="门诊号：" textcolor="#FFFFFFFF" font="91" width="100" />			
			<Edit  font="91" name="edtQOutPatient1" width="200" textcolor="#FF386382" />
		</HorizontalLayout>
		
		<HorizontalLayout inset="20,10,20,0" height="40">
			<Label text="住院号：" textcolor="#FFFFFFFF" font="91" width="100" />			
			<Edit  font="91" name="edtQHospitalAdmissionNo1" width="200" textcolor="#FF386382" />
		</HorizontalLayout>
		
		<HorizontalLayout inset="20,10,20,0" height="40">
			<Label text="住院日期：" textcolor="#FFFFFFFF" font="91" width="100" />			
			<DateTime name="datQTime11" width="160" bkcolor="#FFFFFFFF" font="91" textcolor="#FF386382" bordercolor="#FF768D9B" bordersize="1" textpadding="5,0,5,0"  />
			<Label text="到" textcolor="#FFFFFFFF" font="91" width="50" align="center" />
			<DateTime name="datQTime12" width="160" bkcolor="#FFFFFFFF" font="91" textcolor="#FF386382" bordercolor="#FF768D9B" bordersize="1" textpadding="5,0,5,0"  />
		</HorizontalLayout>
		
		<HorizontalLayout inset="20,10,20,0" height="40">
			<Label text="出院日期：" textcolor="#FFFFFFFF" font="91" width="100" />			
			<DateTime name="datQTime21" width="160" bkcolor="#FFFFFFFF" font="91" textcolor="#FF386382" bordercolor="#FF768D9B" bordersize="1" textpadding="5,0,5,0"  />
			<Label text="到" textcolor="#FFFFFFFF" font="91" width="50" align="center" />
			<DateTime name="datQTime22" width="160" bkcolor="#FFFFFFFF" font="91" textcolor="#FF386382" bordercolor="#FF768D9B" bordersize="1" textpadding="5,0,5,0"  />
		</HorizontalLayout>
		
		<HorizontalLayout inset="20,10,20,0" height="40">
			<Button name="btnQ1" text="查询" font="91" textcolor="#FF386382"   width="100" normalimage="file='win7_button_normal.png' corner='5,5,5,5' hole='false' " hotimage="file='win7_button_hot.png' corner='5,5,5,5' hole='false' " pushedimage="file='win7_button_pushed.png' corner='5,5,5,5' hole='false' " />
		</HorizontalLayout>
		
		<HorizontalLayout inset="20,10,20,0" height="30">
			<WaitingBar name="Q_waiting_bar1" visible="false" height="20" />
		</HorizontalLayout>
		
		<HorizontalLayout inset="10,20,10,0" height="50">
			<Label text="查询结果" textcolor="#FFFFFFFF" font="90" width="100" />		
			<Label text="(0条记录)" textcolor="#FFFFFFFF" font="90" name="lblQRet1" width="200" />		
		</HorizontalLayout>
		
		<HorizontalLayout inset="20,10,20,0">
			<List name="lstQRet1" bkcolor="#FFFFFFFF" inset="1,1,1,1" itemshowhtml="true" vscrollbar="true" hscrollbar="true" headerbkimage="file='list_header_bg.png'" itemalign="center" itembkcolor="#FFFFFFFF" itemaltbk="false" menu="true" bordercolor="#FF768D9B" bordersize="1" itemfont="91" itemtextcolor="#FF386382" >
				<ListHeader height="24" menu="true">
					<ListHeaderItem text="序号" font="91" width="50"  textcolor="#FF386382" hotimage="file='list_header_hot.png'" pushedimage="file='list_header_pushed.png'"    sepimage="file='list_header_sep.png'" sepwidth="1"/>
					<ListHeaderItem text="姓名" font="91" width="100"  textcolor="#FF386382" hotimage="file='list_header_hot.png'" pushedimage="file='list_header_pushed.png'"    sepimage="file='list_header_sep.png'" sepwidth="1"/>
					<ListHeaderItem text="性别" font="91" width="100"  textcolor="#FF386382" hotimage="file='list_header_hot.png'" pushedimage="file='list_header_pushed.png'" sepimage="file='list_header_sep.png'" sepwidth="1"/>
					<ListHeaderItem text="年龄" font="91" width="100"  textcolor="#FF386382" hotimage="file='list_header_hot.png'" pushedimage="file='list_header_pushed.png'" sepimage="file='list_header_sep.png'" sepwidth="1"/>
					<ListHeaderItem text="门诊号" font="91" width="150"  textcolor="#FF386382" hotimage="file='list_header_hot.png'" pushedimage="file='list_header_pushed.png'" sepimage="file='list_header_sep.png'" sepwidth="1"/>
					<ListHeaderItem text="住院号" font="91" width="150"  textcolor="#FF386382" hotimage="file='list_header_hot.png'" pushedimage="file='list_header_pushed.png'" sepimage="file='list_header_sep.png'" sepwidth="1"/>
					<ListHeaderItem text="住院日期" font="91" width="150"  textcolor="#FF386382" hotimage="file='list_header_hot.png'" pushedimage="file='list_header_pushed.png'" sepimage="file='list_header_sep.png'" sepwidth="1"/>
					<ListHeaderItem text="出院日期" font="91" width="150"  textcolor="#FF386382" hotimage="file='list_header_hot.png'" pushedimage="file='list_header_pushed.png'" sepimage="file='list_header_sep.png'" sepwidth="1"/>
					<ListHeaderItem text="手术等关键事件" font="91" textcolor="#FF386382" hotimage="file='list_header_hot.png'" pushedimage="file='list_header_pushed.png'" sepimage="file='list_header_sep.png'" sepwidth="1"/>
				</ListHeader>
			</List>
		</HorizontalLayout>
		
		<HorizontalLayout inset="20,10,20,10" height="50">
			<Control />
			<Button name="btnQPrePage1" text="上一页" font="91" textcolor="#FF386382"   width="100" normalimage="file='win7_button_normal.png' corner='5,5,5,5' hole='false' "
			hotimage="file='win7_button_hot.png' corner='5,5,5,5' hole='false' " pushedimage="file='win7_button_pushed.png' corner='5,5,5,5' hole='false' " />
			<Control width="100" />
			<Button name="btnQNextPage1" text="下一页" font="91" textcolor="#FF386382"   width="100" normalimage="file='win7_button_normal.png' corner='5,5,5,5' hole='false' " hotimage="file='win7_button_hot.png' corner='5,5,5,5' hole='false' " pushedimage="file='win7_button_pushed.png' corner='5,5,5,5' hole='false' " />
			<Control />
		</HorizontalLayout>
				
			
	</VerticalLayout>
</Window>