<?xml version="1.0" encoding="UTF-8"?>
<Window>
	<VerticalLayout bordersize="1" bordercolor="#FF000000" name="laySixGrids" inset="1,1,1,1"  >
		<HorizontalLayout name="top" >
			<Label text="09-10" align="center" font="4" textcolor="#FF000000" bordersize="0,0,1,0" bordercolor="#FF000000" bkcolor="#FFCCCCCC" name="lbl_1" />
			<Label text="09-11" align="center" font="4" textcolor="#FF000000" bordersize="0,0,1,0" bordercolor="#FF000000" bkcolor="#FFCCCCCC" name="lbl_2" />
			<Label text="09-12" align="center" font="4" textcolor="#FF000000" bordersize="0,0,1,0" bordercolor="#FF000000" bkcolor="#FFCCCCCC" name="lbl_3" />
			<Label text="09-13" align="center" font="4" textcolor="#FF000000" bordersize="0,0,1,0" bordercolor="#FF000000" bkcolor="#FFCCCCCC" name="lbl_4" />
			<Label text="09-14" align="center" font="4" textcolor="#FF000000" bordersize="0,0,1,0" bordercolor="#FF000000" bkcolor="#FFCCCCCC" name="lbl_5" />
			<Label text="09-15" align="center" font="4" textcolor="#FF000000" bordersize="0,0,1,0" bordercolor="#FF000000" bkcolor="#FFCCCCCC" name="lbl_6" />
			<Label text="09-16(今天)" align="center" font="4" textcolor="#FF000000" bordersize="0,0,0,0" bordercolor="#FF000000" bkcolor="#FFCCCCCC" name="lbl_7" />
		</HorizontalLayout>
		
		<HorizontalLayout name="bottom" >
			<Edit bordersize="0,0,1,0" bordercolor="#FF000000" align="center" font="2" numberonly="true" name="edt_1"  />
			<Edit bordersize="0,0,1,0" bordercolor="#FF000000" align="center" font="2" numberonly="true" name="edt_2" />
			<Edit bordersize="0,0,1,0" bordercolor="#FF000000" align="center" font="2" numberonly="true" name="edt_3" />
			<Edit bordersize="0,0,1,0" bordercolor="#FF000000" align="center" font="2" numberonly="true" name="edt_4" />
			<Edit bordersize="0,0,1,0" bordercolor="#FF000000" align="center" font="2" numberonly="true" name="edt_5" />
			<Edit bordersize="0,0,1,0" bordercolor="#FF000000" align="center" font="2" numberonly="true" name="edt_6" />
			<Edit bordersize="0,0,0,0" bordercolor="#FF000000" align="center" font="2" numberonly="true" name="edt_7" />
		</HorizontalLayout>
	</VerticalLayout>
</Window>