<?xml version="1.0" encoding="UTF-8"?>
<Window>		
	<HorizontalLayout bordersize="1" bordercolor="#FF000000" inset="1,1,1,1" >
		<Temp name="temp_1" bordersize="0,0,1,0" bordercolor="#FF000000" inset="1,0,1,0" />
		<Temp name="temp_2" bordersize="0,0,1,0" bordercolor="#FF000000" inset="1,0,1,0"  />
		<Temp name="temp_3" bordersize="0,0,1,0" bordercolor="#FF000000" inset="1,0,1,0"  />
		<Temp name="temp_4" bordersize="0,0,1,0" bordercolor="#FF000000" inset="1,0,1,0"  />
		<Temp name="temp_5" bordersize="0,0,1,0" bordercolor="#FF000000" inset="1,0,1,0"  />
		<Temp name="temp_6" bordersize="0,0,0,0" bordercolor="#FF000000" inset="1,0,0,0"  />
	</HorizontalLayout>
</Window>