<?xml version="1.0" encoding="utf-8"?>
<Window size="150,48">
<VerticalLayout bkimage="file='menu_bk.png' corner='30,8,8,8' mask='#FFFF0000' " hole="false" bkcolor="#FFCCCCCC">
    <List header="hidden" inset="1,1,1,1" itemhotimage="file='menu_hot_bk.png' corner='2,2,2,2'">
		<ListContainerElement name="menu_play" height="22" inset="40,0,0,0">
            <Label text="播放/暂停" mouse="false"/>
        </ListContainerElement>
        <ListContainerElement name="menu_full_screen" height="22" inset="40,0,0,0">
            <Label text="全屏" mouse="false"/>
        </ListContainerElement>
		<!--
		<ListContainerElement name="menu_print_excel" height="22" inset="40,0,0,0">
            <Label text="打印excel图表" mouse="false"/>
        </ListContainerElement>
		-->
    </List>
</VerticalLayout>
</Window>