<?xml version="1.0" encoding="utf-8"?>
<Window>	
	<HorizontalLayout bkcolor="#FF43424C" inset="0,0,0,0" name="layMain_1" visible="false">
		<VerticalLayout width="500">
			<HorizontalLayout height="40" inset="10,0,10,0" >
				<Control bkimage="file='tag.png' dest='0,15,35,26'" width="35" /><Control width="10" /><Label text="所有Tag信息"   textcolor="#FFFFFFFF" width="200" font="2" />
			</HorizontalLayout>
			
			<VerticalLayout inset="0,0,0,0" name="layTags" hscrollbar="false" vscrollbar="true" sepheight="4" />
		</VerticalLayout>
		
		<VerticalLayout inset="0,0,0,0" hscrollbar="true" vscrollbar="false" sepheight="4" name="layHandTagView" >
			<MyImage_1 name="my_image_hand_reader" bordercolor="#FF666666" bordersize="1" bkcolor="#FF43424C" />
		</VerticalLayout>
		
		<TileLayout bkcolor="#FF192431" inset="0,0,0,0" name="layGridsView" columns="2" visible="false" />
	</HorizontalLayout>
</Window>