<?xml version="1.0" encoding="utf-8"?>
<Window>
	<VerticalLayout height="110" name="layHandTag" bordersize="1" bordercolor="#FFCCCCCC" >	
		<HorizontalLayout height="60" inset="30,5,0,5"  >	
			
			<VerticalLayout width="105">
				<Control />
				<HorizontalLayout height="30">
					<EditableButton name="cstEdtBtnPName" width="105" btncolor="#FFCCCCCC" btnfont="14" editfont="14" hotimage="file='btn_hot.png' corner='2,8,2,2'" />
				</HorizontalLayout>
				<Control />
			</VerticalLayout>		
			
			<Control width="10" />
			<Label name="lblHandTagTemp" text="" textcolor="#FF4E8B20" font="15" width="200" />
			<Control width="10" />
			<Label name="lblBindingGrid" text="未绑定床位" textcolor="#FFCCCCCC" font="14" width="90" />
			<Control />	

		</HorizontalLayout>
		
		<HorizontalLayout inset="30,0,0,0" height="25">
			<Label text="读卡器SN" textcolor="#FF000000" font="14" width="80" textcolor="#FFCCCCCC" />
			<Label name="lblHandReaderId" text="ER0040000001" textcolor="#FF000000" font="14" width="135" textcolor="#FFCCCCCC" />
			<Label text="Tag ID" textcolor="#FF000000" font="14" width="70" textcolor="#FFCCCCCC" />
			<Label name="lblHandTagId" text="e901020304050607" textcolor="#FF000000" font="14" width="160" textcolor="#FFCCCCCC" />
		</HorizontalLayout>
		
		<HorizontalLayout inset="30,0,0,0" height="25">
			<Label text="时间" textcolor="#FF000000" font="14" width="80" textcolor="#FFCCCCCC" />
			<Label name="lblHandTempTime" text="" textcolor="#FF000000" font="14" width="180" textcolor="#FFCCCCCC" />
		</HorizontalLayout>
	</VerticalLayout>
</Window>