<?xml version="1.0" encoding="utf-8"?>
<Window>
	<VerticalLayout>
		<HorizontalLayout height="30">
			<Label text="班级" textcolor="#FF447AA1" align="center" font="1" />
		</HorizontalLayout>		
		
		<HorizontalLayout height="16" inset="10,0,10,0">
			<Button name="btnAddClass" width="16" height="16" bordercolor="#FF768D9B" bordersize="0" textcolor="#FF447AA1" foreimage="add.png" normalimage="toolbar_normal.png" hotimage="toolbar_hover.png" pushedimage="toolbar_pushed.png" selectedimage="toolbar_pushed.png" />
			
			<Control width="10" />
			
			<Button name="btnDelClass" width="16" height="16" bordercolor="#FF768D9B" bordersize="0" textcolor="#FF447AA1" foreimage="del.png" normalimage="toolbar_normal.png" hotimage="toolbar_hover.png" pushedimage="toolbar_pushed.png" selectedimage="toolbar_pushed.png" />
			
			<Control />
			
			<Button name="btnUpgrade" width="16" height="16" bordercolor="#FF768D9B" bordersize="0" textcolor="#FF447AA1" foreimage="upgrade.png" normalimage="toolbar_normal.png" hotimage="toolbar_hover.png" pushedimage="toolbar_pushed.png" selectedimage="toolbar_pushed.png" />
			
			<Control width="10" />
		</HorizontalLayout>	

		<HorizontalLayout inset="10,20" height="340">
			<List name="lstClasses" inset="1,1,1,1" itemshowhtml="true" vscrollbar="true" hscrollbar="false" headerbkimage="file='list_header_bg.png'" itemalign="left" itemaltbk="false" menu="true" bordercolor="#FF768D9B" bordersize="0" itemfont="2" itemtextcolor="#FF386382" >
				<ListHeader height="24" menu="true" visible="false" >
					<ListHeaderItem text="班级"      font="2" width="220"  textcolor="#FF386382" hotimage="file='list_header_hot.png'" pushedimage="file='list_header_pushed.png'" sepimage="file='list_header_sep.png'" sepwidth="1"/>
				</ListHeader>
			</List>
		</HorizontalLayout >		
	</VerticalLayout>
</Window>