<?xml version="1.0" encoding="utf-8"?>
<Window>
	<VerticalLayout>
	
		<HorizontalLayout height="30">
			<Label text="教室" textcolor="#FF447AA1" align="center" font="1" />
		</HorizontalLayout>	
		
		<HorizontalLayout height="20" />
		
		<VerticalLayout name="layRoom" >
			<VerticalLayout inset="0,0,10,0">
				<HorizontalLayout>
					<VerticalLayout name="layRows" width="20"  />
					<TileLayout name="layDesks" columns="2"  />
				</HorizontalLayout>	

				<HorizontalLayout height="46" inset="0,10,0,0" >
					<Control width="20" />
					<TileLayout name="layCols"  />
				</HorizontalLayout>				
			</VerticalLayout>		
			
			<HorizontalLayout height="40" />
			
			<HorizontalLayout height="30">
				<Control />
				<Label text="讲台" textcolor="#FF447AA1" align="center" font="1" bordercolor="#FF768D9B" bordersize="1" width="300" />
				<Control />
			</HorizontalLayout>	
		</VerticalLayout>
		
		
		
		<HorizontalLayout height="10" />
		
	</VerticalLayout>
</Window>