<?xml version="1.0" encoding="UTF-8"?>
<Window>
	<VerticalLayout bordersize="1" bordercolor="#FF000000" name="layItem" menu="true" >	
		<HorizontalLayout>
			<VerticalLayout width="30">
				<Control />
				<Control bkimage="" width="30" height="30" name="ctlSex" />
				<Control />
			</VerticalLayout>			
			<Label text="" font="3" textcolor="#FF447AA1" name="lblName" />
		</HorizontalLayout>	
		<HorizontalLayout height="16" inset="4,0,0,0">
			<Label text="" align="left" font="2" textcolor="#FF447AA1" name="lblTemp" width="60" />	
			<Control bkimage="tag_1.png" width="16" height="16" name="ctlBinding" />
		</HorizontalLayout>
		<HorizontalLayout height="16" inset="4,0,0,0">
			<Label text="" align="left" font="2" textcolor="#FF447AA1" name="lblDate" />
		</HorizontalLayout>
		<HorizontalLayout height="16" inset="4,0,0,0">
			<Label text="" align="left" font="2" textcolor="#FF447AA1" name="lblTime" />
			<Control bkimage="warning.png" width="30" height="30" name="ctlWarning" />
			<Button name="btnDelDesk" width="16" height="16" bordercolor="#FF768D9B" bordersize="0" textcolor="#FF447AA1" foreimage="del.png" normalimage="toolbar_normal.png" pushedimage="toolbar_pushed.png" selectedimage="toolbar_pushed.png" />
			<Control width="4" />
		</HorizontalLayout>		
		<HorizontalLayout height="6" />
	</VerticalLayout>
</Window>