<?xml version="1.0" encoding="utf-8"?>
<Window>
	<VerticalLayout>
	
		<HorizontalLayout height="30">
			<Label text="新体温贴" textcolor="#FF447AA1" align="center" font="1" />
		</HorizontalLayout>	
		
		<HorizontalLayout height="20" />
		
		<VerticalLayout name="layNewTag" >
			<VerticalLayout height="70"  >
				<Control />
				<HorizontalLayout height="64" >
					<Control />
					<Control bkimage="tag_1.png" width="64" height="64" />
					<Control />
				</HorizontalLayout>
				<Control />
			</VerticalLayout>	
			
			<Label text="未测量" textcolor="#FF447AA1" font="4" name="lblTemp" align="center"  />			
			<Label text="" textcolor="#FF447AA1" font="2" name="lblTime" align="center"  />					
			<Label text="" textcolor="#FF447AA1" font="2" name="lblTagId" align="center"  />	
		</VerticalLayout>	
		
	</VerticalLayout>
</Window>