<?xml version="1.0" encoding="utf-8"?>
<Window>	
	<VerticalLayout inset="1,1,1,1" bkcolor="#FFD1E8F5"  >		
		<HorizontalLayout height="20" />
		
		<HorizontalLayout height="40" inset="10,5,10,5">
			<Label text="选择串口" width="150" font="3" textcolor="#FF386382" />
			<Combo name="cmGwComPort" width="300" normalimage="file='Combo_nor.bmp' corner='2,2,24,2'" hotimage="file='Combo_over.bmp' corner='2,2,24,2'" pushedimage="file='Combo_over.bmp' corner='2,2,24,2'" textpadding="5,1,5,1" itemfont="3" itemtextcolor="#FF386382" itemselectedtextcolor="#FF386382"  >
			</Combo>
			<Control width="10" />
			<Button name="btnFresh2" text="" font="3" textcolor="#FF386382" width="40" normalimage="file='win7_button_normal.png' corner='5,5,5,5' hole='false' " hotimage="file='win7_button_hot.png' corner='5,5,5,5' hole='false' " pushedimage="file='win7_button_pushed.png' corner='5,5,5,5' hole='false' " foreimage="2.png" />
		</HorizontalLayout>
		
		<HorizontalLayout height="20" />
		
		<VerticalLayout height="135" inset="10,0,10,0">
			<Label text="设置注意事项：" font="2" textcolor="#FF386382" />
			<Label text="1. 发射机和电脑用USB线连接" font="2" textcolor="#FF386382" />
			<Label text="2. 请发送配置同时，按下发射机的按键" font="2" textcolor="#FFFF0000" />
			<Label text="3. 断电重启，配置才生效" font="2" textcolor="#FF386382" />
		</VerticalLayout>
				
		<HorizontalLayout height="30" inset="10,0,10,0">
			<Label text="发射机相关病区" width="150" font="3" textcolor="#FF386382" />
			<Combo name="cmbArea2" width="300" normalimage="file='Combo_nor.bmp' corner='2,2,24,2'" hotimage="file='Combo_over.bmp' corner='2,2,24,2'" pushedimage="file='Combo_over.bmp' corner='2,2,24,2'" textpadding="5,1,5,1" itemfont="3" itemtextcolor="#FF386382" itemselectedtextcolor="#FF386382"  >
			</Combo>
		</HorizontalLayout>
		
		<HorizontalLayout height="40" inset="10,5,10,5">
			<Button name="btnSetting2" text="设置" font="3" textcolor="#FF386382" width="150" normalimage="file='win7_button_normal.png' corner='5,5,5,5' hole='false' " hotimage="file='win7_button_hot.png' corner='5,5,5,5' hole='false' " pushedimage="file='win7_button_pushed.png' corner='5,5,5,5' hole='false' " />
		</HorizontalLayout>
		
		<HorizontalLayout height="40" />
		
		<VerticalLayout height="100" inset="10,0,10,0">
			<Label text="读取注意事项：" font="2" textcolor="#FF386382" />
			<Label text="1. 发射机和电脑用USB线连接" font="2" textcolor="#FF386382" />
			<Label text="2. 请获取配置同时，按下发射机的按键" font="2" textcolor="#FFFF0000" />
		</VerticalLayout>		
		
		<HorizontalLayout height="30" inset="10,0,10,0">
			<Label text="相关病区号(查询)" width="150" font="3" textcolor="#FF386382" />
			<Edit name="edtAreaNo_Ret2" font="3" textcolor="#FF386382" width="200" text="" readonly="true" bkcolor="0xFFCCCCCC" nativebkcolor="0xFFCCCCCC" />
		</HorizontalLayout>
		
		<HorizontalLayout height="40" inset="10,5,10,5">
			<Button name="btnQuery2" text="查询" font="3" textcolor="#FF386382" width="150" normalimage="file='win7_button_normal.png' corner='5,5,5,5' hole='false' " hotimage="file='win7_button_hot.png' corner='5,5,5,5' hole='false' " pushedimage="file='win7_button_pushed.png' corner='5,5,5,5' hole='false' " />
		</HorizontalLayout>
		
	</VerticalLayout>
</Window>