<?xml version="1.0" encoding="utf-8"?>
<Window>	
	<VerticalLayout inset="1,1,1,1" bkcolor="#FFD1E8F5"  >		
		<HorizontalLayout height="20" />
		
		<VerticalLayout height="160" inset="10,5,10,5">
			<Label text="注意事项：" font="2" textcolor="#FF386382" />
			<Label text="1. Reader和电脑用USB线连接" font="2" textcolor="#FF386382" />
			<Label text="2. 设置成功的标志是听到Reader嘀的一声响" font="2" textcolor="#FFFF0000" />
			<Label text="3. 断电重启，配置才生效" font="2" textcolor="#FF386382" />
		</VerticalLayout>
		
		<HorizontalLayout height="20" />
		
		<HorizontalLayout height="40" inset="10,5,10,5">
			<Label text="选择串口" width="150" font="3" textcolor="#FF386382" />
			<Combo name="cmbReaderComPort" width="400" normalimage="file='Combo_nor.bmp' corner='2,2,24,2'" hotimage="file='Combo_over.bmp' corner='2,2,24,2'" pushedimage="file='Combo_over.bmp' corner='2,2,24,2'" textpadding="5,1,5,1" itemfont="3" itemtextcolor="#FF386382" itemselectedtextcolor="#FF386382"  >
			</Combo>
			<Control width="10" />
			<Button name="btnFresh1" text="" font="3" textcolor="#FF386382" width="40" normalimage="file='win7_button_normal.png' corner='5,5,5,5' hole='false' " hotimage="file='win7_button_hot.png' corner='5,5,5,5' hole='false' " pushedimage="file='win7_button_pushed.png' corner='5,5,5,5' hole='false' " foreimage="2.png" />
		</HorizontalLayout>
		
		<HorizontalLayout height="40" inset="10,5,10,5">
			<Label text="Reader相关病区" width="150" font="3" textcolor="#FF386382" />		
			<Combo name="cmbArea1" width="300" normalimage="file='Combo_nor.bmp' corner='2,2,24,2'" hotimage="file='Combo_over.bmp' corner='2,2,24,2'" pushedimage="file='Combo_over.bmp' corner='2,2,24,2'" textpadding="5,1,5,1" itemfont="3" itemtextcolor="#FF386382" itemselectedtextcolor="#FF386382"  >
			</Combo>			
		</HorizontalLayout>
		
		<HorizontalLayout height="40" inset="10,5,10,5">
			<Label text="Reader相关床号" width="150" font="3" textcolor="#FF386382" />
			<Edit name="edtBedNo" font="3" textcolor="#FF386382" width="200" text="1" />
			<Control width="10" />
			<Label text="范围(1~200)" width="100" font="3" textcolor="#FF386382" />
		</HorizontalLayout>
		
		<HorizontalLayout height="20" />
		
		<HorizontalLayout height="40" inset="10,5,10,5">
			<Button name="btnSetting1" text="设置" font="3" textcolor="#FF386382" width="150" normalimage="file='win7_button_normal.png' corner='5,5,5,5' hole='false' " hotimage="file='win7_button_hot.png' corner='5,5,5,5' hole='false' " pushedimage="file='win7_button_pushed.png' corner='5,5,5,5' hole='false' " />
		</HorizontalLayout>
		
	</VerticalLayout>
</Window>