<?xml version="1.0" encoding="utf-8"?>
<Window>
	<TabLayout name="subswitch">
		<HorizontalLayout bkcolor="#FF434248" name="layMain_1">
			<VerticalLayout>		
				<VerticalLayout inset="10,10,10,10" >
					<HorizontalLayout height="40"  >
						<Label text="高度关注清单" textcolor="#FFFFFFFF" font="103" />
					</HorizontalLayout>
					
					<HorizontalLayout height="35" inset="0,10,0,0" >
						<Label text="床号" textcolor="#FFFFFFFF" font="101" width="100" />
						<Label text="姓名" textcolor="#FFFFFFFF" font="101" width="100" />
						<Label text="手机号" textcolor="#FFFFFFFF" font="101" width="150" />
						<Label text="体温(℃)" textcolor="#FFFFFFFF" font="101" width="120" />
						<Label text="时间" textcolor="#FFFFFFFF" font="101" width="100" />
					</HorizontalLayout>
					
					<VerticalLayout name="layCubeItems_1" inset="10,10,0,0" vscrollbar="true" hscrollbar="true" >
					</VerticalLayout>
					
				</VerticalLayout>
				
				<VerticalLayout height="200" inset="10,10,0,10" bordersize="0,1,0,0" bordercolor="#FFD1E8F5"  >
					<HorizontalLayout height="40" >
						<Label text="新体温贴" textcolor="#FFFFFFFF" font="103" />
					</HorizontalLayout>			
					
					<NewTag name="curtag" />			
				</VerticalLayout>
			</VerticalLayout>
			
			<HorizontalLayout inset="4,0,0,0" sepimm="false" sepwidth="-4" bordercolor="#FFD1E8F5" bordersize="2,0,0,0" name="layRight" >
				<VerticalLayout>
					<HorizontalLayout height="50" inset="10,10,0,10" bordersize="0,0,0,1" bordercolor="#FFD1E8F5" >
						<Label text="床号" textcolor="#FFFFFFFF" font="100" width="60" />
						<Edit font="100" width="100" numberonly="true" name="edtBedNo1" />
						<Control width="50" />
						<Label text="姓名" textcolor="#FFFFFFFF" font="100" width="60" />
						<Edit font="100" width="100" name="edtName1" />
						<Control width="50" />
						<Label text="手机号" textcolor="#FFFFFFFF" font="100" width="60" />
						<Edit font="100" width="150" name="edtPhone1" />
						<Control width="50" />
						<Button name="btnAdd1" text="添加" font="1" textcolor="#FF386382"   width = "100" normalimage="file='win7_button_normal.png' corner='5,5,5,5' hole='false' " hotimage="file='win7_button_hot.png' corner='5,5,5,5' hole='false' " pushedimage="file='win7_button_pushed.png' corner='5,5,5,5' hole='false' " />
					</HorizontalLayout>
					
					<HorizontalLayout height="65" inset="10,30,0,0" >
						<Control width="200" />
						<Label text="1"    textcolor="#FFFFFFFF" font="106" width="80" name="lblCubeStart" align="center" />
						<Label text="到"   textcolor="#FFFFFFFF" font="106" width="100" align="center" />
						<Label text="1000" textcolor="#FFFFFFFF" font="106" width="80" name="lblCubeEnd" align="center"  />
					</HorizontalLayout>
					
					<HorizontalLayout height="55" inset="10,30,0,0" >
						<Label text="床号" textcolor="#FFFFFFFF" font="101" width="100" />
						<Label text="姓名" textcolor="#FFFFFFFF" font="101" width="100" />
						<Label text="手机号" textcolor="#FFFFFFFF" font="101" width="150" />
						<Label text="体温(℃)" textcolor="#FFFFFFFF" font="101" width="120" />
						<Label text="时间" textcolor="#FFFFFFFF" font="101" width="170" />
						<Label text="是否绑定Tag" textcolor="#FFFFFFFF" font="101" width="120" />
					</HorizontalLayout>
					
					<VerticalLayout name="layCubeItems" inset="10,10,10,10" vscrollbar="true" hscrollbar="true" >
					</VerticalLayout>
					
					<HorizontalLayout height="70" inset="10,30,10,10" >
						<Control width="260" />
						<Button name="btnPrev1" text="上一页" font="1" textcolor="#FF386382"   width = "100" normalimage="file='win7_button_normal.png' corner='5,5,5,5' hole='false' " hotimage="file='win7_button_hot.png' corner='5,5,5,5' hole='false' " pushedimage="file='win7_button_pushed.png' corner='5,5,5,5' hole='false' " enabled="false"  />
						<Control width="100"/>
						<Button name="btnNext1" text="下一页" font="1" textcolor="#FF386382"   width = "100" normalimage="file='win7_button_normal.png' corner='5,5,5,5' hole='false' " hotimage="file='win7_button_hot.png' corner='5,5,5,5' hole='false' " pushedimage="file='win7_button_pushed.png' corner='5,5,5,5' hole='false' " enabled="false"  />
					</HorizontalLayout>
					
				</VerticalLayout>
			</HorizontalLayout>
		</HorizontalLayout>	
		
		<HorizontalLayout name="maxiumCube">
			<MaxiumCube />
		</HorizontalLayout>
	</TabLayout>	
</Window>