<?xml version="1.0" encoding="utf-8"?>
<Window size="150,72">
<VerticalLayout bkimage="file='menu_bk.png' corner='30,8,8,8' mask='#FFFF0000' " hole="false" bkcolor="#FFCCCCCC">
    <List header="hidden" inset="1,1,1,1" itemhotimage="file='menu_hot_bk.png' corner='2,2,2,2'">
		
		<ListContainerElement name="modify_cube_item" height="22" inset="40,0,0,0">
            <Label text="修改信息" mouse="false"/>
        </ListContainerElement>
		
        <ListContainerElement name="dismiss_binding" height="22" inset="40,0,0,0">
            <Label text="解除绑定" mouse="false"/>
        </ListContainerElement>
		
		<ListContainerElement name="delete_cube_item" height="22" inset="40,0,0,0">
            <Label text="删除床位" mouse="false"/>
        </ListContainerElement>
		
    </List>
</VerticalLayout>
</Window>