<?xml version="1.0" encoding="utf-8"?>
<Window>	
	<VerticalLayout>
		<TileLayout bkcolor="#FF434248" inset="0,0,0,0" name="layGrids" columns="2" />
				
		<!-- 分页 -->
		<HorizontalLayout bkcolor="#FFD1E8F5"  height="30" name="layPages" >
			<Control />
			<Button name="btnPrevPage" text="上一页" font="3" textcolor="#FF386382"   width = "100" normalimage="file='win7_button_normal.png' corner='5,5,5,5' hole='false' " hotimage
			="file='win7_button_hot.png' corner='5,5,5,5' hole='false' " pushedimage="file='win7_button_pushed.png' corner='5,5,5,5' hole='false' " />
			<Control width="150" />
			<Button name="btnNextPage" text="下一页" font="3" textcolor="#FF386382"   width = "100" normalimage="file='win7_button_normal.png' corner='5,5,5,5' hole='false' " hotimage
			="file='win7_button_hot.png' corner='5,5,5,5' hole='false' " pushedimage="file='win7_button_pushed.png' corner='5,5,5,5' hole='false' " />
			<Control />
		</HorizontalLayout>
	</VerticalLayout>
</Window>