<?xml version="1.0" encoding="UTF-8"?>
<Window size="1024,768" mininfo="400,300" caption="0,0,0,32" sizebox="4,4,4,4" roundcorner="0,0"> <!-- 窗口的初始尺寸(宽800，高600)、窗口的最小尺寸(宽600，高400)、标题栏拖拽区域(高32)、可拖拽边框大小(这里添加sizebox后就可以拖拽边框调整大小了) -->
	<!-- 标题字体 -->
	<Font id="0" name="宋体" size="12" bold="true" />
	<!-- tab头字体 -->
	<Font id="1" name="宋体" size="15" bold="true" />
	<!-- 状态栏字体 -->
	<Font id="2" name="宋体" size="15" bold="true" />
	<!-- 分页按钮 -->
	<Font id="3" name="宋体" size="12" bold="false" />
	<!-- grid head -->
	<Font id="4" name="微软雅黑" size="40"  bold="true" />
	<!-- elapsed time -->
	<Font id="5" name="宋体" size="17"  bold="true" />
	<!-- bed no font -->
	<Font id="6" name="微软雅黑" size="80"  bold="true" />
	<!-- patient name -->
	<Font id="7" name="宋体" size="20"  bold="true" />
	<!-- grid 属性标题 -->
	<Font id="8" name="宋体" size="20" bold="true" />
	<!-- grid 属性子标题 -->
	<Font id="9"  name="宋体" size="25" bold="true" />
	<Font id="10" name="宋体" size="20" bold="true" />
	<!-- reader tag 字体 -->
	<Font id="11" name="宋体" size="15" bold="true" />
	<Font id="12" name="宋体" size="60" bold="true" />
	<!-- hand reader 字体 -->
	<Font id="13" name="宋体" size="15" bold="true" />
	<!-- hand reader tag item -->
	<Font id="14" name="宋体" size="15" bold="true" />
	<Font id="15" name="微软雅黑" size="60"  bold="true" />
	<!-- 三联图delta字体 -->
	<Font id="16" name="宋体" size="40" bold="true" />
	
	<!-- 格子显示的温度数据字体 -->
	<Font id="20" name="微软雅黑" size="30"  bold="true" />
	<Font id="21" name="微软雅黑" size="50"  bold="true" />
	<Font id="22" name="微软雅黑" size="70"  bold="true" />
	<Font id="23" name="微软雅黑" size="95" bold="true" />
	<Font id="24" name="微软雅黑" size="120" bold="true" />
	<Font id="25" name="微软雅黑" size="145" bold="true" />
	<Font id="26" name="微软雅黑" size="170" bold="true" />
	<Font id="27" name="微软雅黑" size="200" bold="true" />
	
	<!-- 床位号字体 -->
	<Font id="50" name="微软雅黑" size="60" bold="true" />
	<Font id="51" name="微软雅黑" size="40" bold="true" />
	<Font id="52" name="微软雅黑" size="20" bold="true" />
	
	<!-- A,B,...F字体 -->
	<Font id="60" name="微软雅黑" size="32" bold="true" />
	<Font id="61" name="微软雅黑" size="26" bold="true" />
	<Font id="62" name="微软雅黑" size="20" bold="true" />
	
	<!-- 可编辑button字体 -->
	<Font id="70" name="宋体" size="18" bold="true" />
	<Font id="71" name="宋体" size="15" bold="true" />
	<Font id="72" name="宋体" size="12" bold="true" />
	
	<!-- elapsed 字体 -->
	<Font id="80" name="宋体" size="15" bold="true" />
	<Font id="81" name="宋体" size="13" bold="true" />
	<Font id="82" name="宋体" size="11" bold="true" />
	
	<!-- 查询标题 -->
	<Font id="90" name="宋体" size="20" bold="true" />
	<!-- 查询Label -->
	<Font id="91" name="宋体" size="16" bold="false" />
	
	<Font id="101" name="宋体" size="15" bold="true" underline="true" />
	
	<Default name="VScrollBar" value="button1normalimage=&quot;file='scrollbar.bmp' source='0,90,16,106' mask='#FFFF00FF'&quot; button1hotimage=&quot;file='scrollbar.bmp' source='18,90,34,106' mask='#FFFF00FF'&quot; button1pushedimage=&quot;file='scrollbar.bmp' source='36,90,52,106' mask='#FFFF00FF'&quot; button1disabledimage=&quot;file='scrollbar.bmp' source='54,90,70,106' mask='#FFFF00FF'&quot; button2normalimage=&quot;file='scrollbar.bmp' source='0,108,16,124' mask='#FFFF00FF'&quot; button2hotimage=&quot;file='scrollbar.bmp' source='18,108,34,124' mask='#FFFF00FF'&quot; button2pushedimage=&quot;file='scrollbar.bmp' source='36,108,52,124' mask='#FFFF00FF'&quot; button2disabledimage=&quot;file='scrollbar.bmp' source='54,108,70,124' mask='#FFFF00FF'&quot; thumbnormalimage=&quot;file='scrollbar.bmp' source='0,126,16,142' corner='2,2,2,2' mask='#FFFF00FF'&quot; thumbhotimage=&quot;file='scrollbar.bmp' source='18,126,34,142' corner='2,2,2,2' mask='#FFFF00FF'&quot; thumbpushedimage=&quot;file='scrollbar.bmp' source='36,126,52,142' corner='2,2,2,2' mask='#FFFF00FF'&quot; thumbdisabledimage=&quot;file='scrollbar.bmp' source='54,126,70,142' corner='2,2,2,2' mask='#FFFF00FF'&quot; railnormalimage=&quot;file='scrollbar.bmp' source='0,144,16,160' corner='2,2,2,2' mask='#FFFF00FF'&quot; railhotimage=&quot;file='scrollbar.bmp' source='18,144,34,160' corner='2,2,2,2' mask='#FFFF00FF'&quot; railpushedimage=&quot;file='scrollbar.bmp' source='36,144,52,160' corner='2,2,2,2' mask='#FFFF00FF'&quot; raildisabledimage=&quot;file='scrollbar.bmp' source='54,144,70,160' corner='2,2,2,2' mask='#FFFF00FF'&quot; bknormalimage=&quot;file='scrollbar.bmp' source='0,162,16,178' corner='2,2,2,2' mask='#FFFF00FF'&quot; bkhotimage=&quot;file='scrollbar.bmp' source='18,162,34,178' corner='2,2,2,2' mask='#FFFF00FF'&quot; bkpushedimage=&quot;file='scrollbar.bmp' source='36,162,52,178' corner='2,2,2,2' mask='#FFFF00FF'&quot; bkdisabledimage=&quot;file='scrollbar.bmp' source='54,162,70,178' corner='2,2,2,2' mask='#FFFF00FF'&quot; " />
	<Default name="HScrollBar" value="button1normalimage=&quot;file='scrollbar.bmp' source='0,0,16,16' mask='#FFFF00FF'&quot; button1hotimage=&quot;file='scrollbar.bmp' source='18,0,34,16' mask='#FFFF00FF'&quot; button1pushedimage=&quot;file='scrollbar.bmp' source='36,0,52,16' mask='#FFFF00FF'&quot; button1disabledimage=&quot;file='scrollbar.bmp' source='54,0,70,16' mask='#FFFF00FF'&quot; button2normalimage=&quot;file='scrollbar.bmp' source='0,18,16,34' mask='#FFFF00FF'&quot; button2hotimage=&quot;file='scrollbar.bmp' source='18,18,34,34' mask='#FFFF00FF'&quot; button2pushedimage=&quot;file='scrollbar.bmp' source='36,18,52,34' mask='#FFFF00FF'&quot; button2disabledimage=&quot;file='scrollbar.bmp' source='54,18,70,34' mask='#FFFF00FF'&quot; thumbnormalimage=&quot;file='scrollbar.bmp' source='0,36,16,52' corner='2,2,2,2' mask='#FFFF00FF'&quot; thumbhotimage=&quot;file='scrollbar.bmp' source='18,36,34,52' corner='2,2,2,2' mask='#FFFF00FF'&quot; thumbpushedimage=&quot;file='scrollbar.bmp' source='36,36,52,52' corner='2,2,2,2' mask='#FFFF00FF'&quot; thumbdisabledimage=&quot;file='scrollbar.bmp' source='54,36,70,52' corner='2,2,2,2' mask='#FFFF00FF'&quot; railnormalimage=&quot;file='scrollbar.bmp' source='0,54,16,70' corner='2,2,2,2' mask='#FFFF00FF'&quot; railhotimage=&quot;file='scrollbar.bmp' source='18,54,34,70' corner='2,2,2,2' mask='#FFFF00FF'&quot; railpushedimage=&quot;file='scrollbar.bmp' source='36,54,52,70' corner='2,2,2,2' mask='#FFFF00FF'&quot; raildisabledimage=&quot;file='scrollbar.bmp' source='54,54,70,70' corner='2,2,2,2' mask='#FFFF00FF'&quot; bknormalimage=&quot;file='scrollbar.bmp' source='0,72,16,88' corner='2,2,2,2' mask='#FFFF00FF'&quot; bkhotimage=&quot;file='scrollbar.bmp' source='18,72,34,88' corner='2,2,2,2' mask='#FFFF00FF'&quot; bkpushedimage=&quot;file='scrollbar.bmp' source='36,72,52,88' corner='2,2,2,2' mask='#FFFF00FF'&quot; bkdisabledimage=&quot;file='scrollbar.bmp' source='54,72,70,88' corner='2,2,2,2' mask='#FFFF00FF'&quot; " />
	
	<VerticalLayout>
		<VerticalLayout bkcolor="#FFD1E8F5" bkcolor2="#FFC6E0F1" bordercolor="#FF768D9B" bordersize="1" inset="10,1,10,1" > <!-- 整个窗口的背景色 -->
			<!-- 标题栏区 -->
			<HorizontalLayout height="32" bkcolor="#FFCCE3F0" > <!-- 标题栏背景色 bkcolor、bkcolor2、bkcolor3分别是渐变色的三个值-->   
				<HorizontalLayout inset="10,1,10,1" width="250" >
					<Container width="61" height="27" bkimage="file='logo.png'" />
					<VerticalLayout>
						<Control />
						<Text text="易温体温中央监控" textcolor="#FF447AA1" font="0" textcolor="#FF447AA1" font="0" mouse="false" />
						<Control />
					</VerticalLayout>
				</HorizontalLayout>
				<VerticalLayout /> <!-- 占空位，占据左边所有的空位-->
				<VerticalLayout width="126"> <!-- 右边三个控件所占的宽度-->
					<Button name="menubtn"                    tooltip="主菜单" float="true" pos="0,5,26,23"  width="26" normalimage=" file='frame_btn_menu.bmp' source='0,0,26,18' mask='#FFFF00FF' " hotimage=" file='frame_btn_menu.bmp' source='26,0,52,18' mask='#FFFF00FF' " pushedimage=" file='frame_btn_menu.bmp' source='52,0,78,18' mask='#FFFF00FF' "/>
					<!--<Button name="menubtn"                    tooltip="主菜单" float="true" pos="0,5,26,23"  width="26" normalimage="2.png" hotimage="2.png" pushedimage="2.png"/>-->
					<Button name="minbtn"                     tooltip="最小化" float="true" pos="26,5,52,23"  width="26" normalimage=" file='frame_btn_min.bmp' source='0,0,26,18' mask='#FFFF00FF' " hotimage=" file='frame_btn_min.bmp' source='26,0,52,18' mask='#FFFF00FF' " pushedimage=" file='frame_btn_min.bmp' source='52,0,78,18' mask='#FFFF00FF' "/>
					<Button name="maxbtn"                     tooltip="最大化" float="true" pos="52,5,78,23" width="26" normalimage=" file='frame_btn_max.bmp' source='0,0,26,18'"                   hotimage=" file='frame_btn_max.bmp' source='26,0,52,18'"                   pushedimage=" file='frame_btn_max.bmp' source='52,0,78,18' " disabledimage=" file='frame_btn_max.bmp' source='78,0,104,18' "  />
					<Button name="restorebtn" visible="false" tooltip="还原"   float="true" pos="52,5,78,23" width="26" normalimage=" file='frame_btn_max.bmp' source='104,0,130,18'"                hotimage=" file='frame_btn_max.bmp' source='130,0,156,18'"                 pushedimage=" file='frame_btn_max.bmp' source='156,0,182,18' " />
					<Button name="closebtn"                   tooltip="关闭"   float="true" pos="78,5,104,23" width="42" normalimage=" file='frame_btn_close_normal.bmp' mask='#FFFF00FF'" hotimage=" file='frame_btn_close_hot.bmp' mask='#FFFF00FF'" pushedimage=" file='frame_btn_close_down.bmp' mask='#FFFF00FF'"/>
				</VerticalLayout>    
			</HorizontalLayout>
			
			<!-- 客户区 -->
			<!-- tab 页面 -->
			<HorizontalLayout height="85" inset="8,5,0,0">
				<Option width="100" height="80" name="opn_monitor" text="床位视窗" textcolor="#FF386382" font="1" textpadding="0,60,0,2" foreimage="file='monitor.png' dest='23,5,78,60' " normalimage="toolbar_normal.png" hotimage="toolbar_hover.png" pushedimage="toolbar_pushed.png" selectedimage="toolbar_pushed.png" group="quickbar" selected="true"/>
				<Option width="100" height="80" name="opn_reader"  text="手持测温" textcolor="#FF386382" font="1" textpadding="0,60,0,2" foreimage="file='hand.png' dest='23,5,78,60'" normalimage="toolbar_normal.png" hotimage="toolbar_hover.png" pushedimage="toolbar_pushed.png" selectedimage="toolbar_pushed.png" group="quickbar"/>
				<Option width="100" height="80" name="opn_inhospital"  text="住院信息" textcolor="#FF386382" font="1" textpadding="0,60,0,2" foreimage="file='inhospital.png' dest='23,5,78,60'" normalimage="toolbar_normal.png" hotimage="toolbar_hover.png" pushedimage="toolbar_pushed.png" selectedimage="toolbar_pushed.png" group="quickbar"/>
				<Option width="100" height="80" name="opn_outhospital"  text="出院信息" textcolor="#FF386382" font="1" textpadding="0,60,0,2" foreimage="file='outhospital.png' dest='23,5,78,60'" normalimage="toolbar_normal.png" hotimage="toolbar_hover.png" pushedimage="toolbar_pushed.png" selectedimage="toolbar_pushed.png" group="quickbar"/>
			</HorizontalLayout>
			
			<!-- tab 实体 -->
			<TabLayout name="switch">
				<!-- 连续测温(术中) -->
				<SurgencyTemp />
				
				<!-- 非连续测温(手持读卡器) -->
				<HandReaderTemp />				
				
				<!-- 住院信息查询 -->
				<InHospital />
				
				<!-- 出院信息查询 -->
				<OutHospital />
			</TabLayout>

			<Control name="dragdrop" float="true" pos="100,100,580,200" text="123" font="1" visible="false" bkcolor="#AA000000" /> 
			<Edit    name="edRemark" float="true" pos="100,100,200,150" text="123" font="1" visible="false" maxchar="24" />
			<Edit    name="edHandRemark" float="true" pos="100,100,200,150" text="123" font="1" visible="false" maxchar="24" />
		</VerticalLayout>
		
		
		
		<!-- 状态栏 -->
		<HorizontalLayout name="layStatus" height="30" bkcolor="#FF3A4F67" inset="10,3,10,3">
			<Label name="lblLaunchStatus"  text="发射器连接断开"  font="2" textcolor="#FFFFFFFF" width="130" />
			<Control width="1" bkimage="sep.png" />
			<Control width="20" />
			<Label name="lblBarTips"  text=""  font="2" textcolor="#FFF8992F" width="450"  />
			<Control width="1" bkimage="sep.png" />
			<Control width="20" />
			<Label name="lblProcessTips"  text=""  font="2" textcolor="#FFCAF100" width="250"  />
			<Control width="1" bkimage="sep.png" />
			<Control width="20" />
			<Label name="lblConflict"  text=""  font="2" textcolor="#FFF8992F" />			
			<Control width="1" bkimage="sep.png" />
			<Control width="10" />
		</HorizontalLayout>
		
		<Control name="DragDropGrid" float="true" pos="100,100,200,200" visible="false" bkcolor="#AA000000" />
	</VerticalLayout>
</Window>