<?xml version="1.0" encoding="utf-8"?>
<Window>	
	<VerticalLayout>	
	
		<!-- 1 -->
		<VerticalLayout name="lay_1" visible="true">
			<HorizontalLayout height="54" name="layFlex" >
				<VerticalLayout>			
					<HorizontalLayout inset="5,2,5,2"  >						
						<Label   name="lblIndex_1" text="1"    textcolor="#FFFFFFFF" width="100" font="7" visible="false" />	

						<VerticalLayout width="70">
							<HorizontalLayout />
							<HorizontalLayout height="30">								
								<Option width="30" height="30" name="opn_grid_switch_1" normalimage="not_checked_0.png" selectedimage="checked_0.png" selected="true" />								
								<Button  name="btnEmpty"  textcolor="#FFFFFFFF" foreimage="file='trash2.png' dest='0,3,20,23'" hotimage="file='btn_hot.png' corner='2,8,2,2'" width="40" height="30" font="1" tooltip="重置数据" />
							</HorizontalLayout>
							<HorizontalLayout />
						</VerticalLayout>
						
						<VerticalLayout />
												
						<VerticalLayout width="40" >
							<HorizontalLayout />
							<HorizontalLayout height="30">								
								<Label   name="lblBedTitle_1"  text="" bkimage="bed_1.png"   textcolor="#FFFFFFFF" width="40" height="30" font="1" tooltip="床号" />
							</HorizontalLayout>
							<HorizontalLayout />
						</VerticalLayout>
						
						<Edit    name="edtBed_1"  text="--"    textcolor="#FF000000" width="60" font="7" visible="true" />
						<Button  name="btnBed_1"  textpadding="4,0,4,0" textcolor="#FFFFFFFF" text="--" align="left" hotimage="file='btn_hot.png' corner='2,8,2,2'" width="60" font="7" tooltip="床号" />
						<Label   name="lblBodyPart" text="A"    textcolor="#FFCCCCCC" width="30" font="9" />
						<Control width="30" />
						
						<VerticalLayout width="100">
							<HorizontalLayout />
							<HorizontalLayout height="30">								
								
								<Label   name="lblNameTitle_1"  text="" bkimage="file='user_1.png' dest='0,2,30,27'"    textcolor="#FFFFFFFF" width="30" font="1" tooltip="病人姓名" />
								<Edit    name="edtName_1"  text="--"    textcolor="#FF000000" width="70" font="100" visible="true" />
								<Button  name="btnName_1"  textpadding="4,0,4,0" textcolor="#FFFFFFFF" text="--" align="left" hotimage="file='btn_hot.png' corner='2,8,2,2'" width="70" font="100" tooltip="病人姓名" />
								
								<Label   name="lblCurTitle_1"  text="温度"    textcolor="#FFFFFFFF" width="40" font="1" visible="false" />
								<Label   name="lblCur_1"   text="36.50"    textcolor="#FFFFFFFF" width="50" font="1" visible="false" />
							</HorizontalLayout>
							<HorizontalLayout />
						</VerticalLayout>
						
						<VerticalLayout />
						
						<VerticalLayout width="30" >
							<HorizontalLayout />
							<HorizontalLayout height="30">																
								<AlarmImage name="alarm_1" width="30" height="30" />
							</HorizontalLayout>
							<HorizontalLayout />
						</VerticalLayout>
						
						<VerticalLayout width="10" />
						
					</HorizontalLayout>				
				</VerticalLayout>
			</HorizontalLayout>
			
			<VerticalLayout inset="10,0,10,0" >		
				<VerticalLayout inset="0,0,0,0" hscrollbar="false" vscrollbar="false" sepheight="4" visible="false" height="0" >
					<MyImage name="my_image_1" bordercolor="#FF666666" bordersize="1" bkcolor="#FF192431" menu="true" visible="false" />					
				</VerticalLayout>
				
				<HorizontalLayout>
					<VerticalLayout>
						<Label   name="lblCur_2"   text="35.64"    textcolor="#FFFFFFFF" font="12" align="center"  />
					</VerticalLayout>					
					
					<VerticalLayout width="70">
						<HorizontalLayout />
						<Label   name="lblCurTime_2"  height="30"  text="24小时前"    textcolor="#FFFFFFFF" font="1" align="center"  />
					</VerticalLayout>					
				</HorizontalLayout>
				
				<!--
				<HorizontalLayout height="40">
					<Control />
					<Button  name="btnEmpty"  textpadding="4,0,4,0" textcolor="#FFFFFFFF" foreimage="file='trash2.png' dest='10,3,30,25'" hotimage="file='btn_hot.png' corner='2,8,2,2'" width="40" height="30" font="1" tooltip="清空数据" />
				</HorizontalLayout>
				-->
			</VerticalLayout>		
		</VerticalLayout>
		
		
		<!-- 2 -->
		<HorizontalLayout name="lay_2" bkcolor="#FF192431" inset="1,1,1,1" visible="false" bordercolor="#FF768D9B" bordersize="1" >			
			<VerticalLayout name="lay_21" width="530" bkcolor="#FF192431" bkcolor2="#FF293441" inset="0,10,0,10" >
				
				<HorizontalLayout height="30" inset="10,0,10,0" >
					<Control bkimage="grid_1.png" width="30" /><Control width="10" /><Label text="窗格信息"   textcolor="#FFFFFFFF" width="200" font="2" />
				</HorizontalLayout>
				
				<HorizontalLayout height="40" inset="30,5,0,5" visible="false" >
					<Label   text="序号"   textcolor="#FFFFFFFF" width="50" font="1" />
					<Label   name="lblIndex_2" text="1"    textcolor="#FFFFFFFF" width="40" font="3" />
				</HorizontalLayout>
				
				<HorizontalLayout height="40"  inset="30,5,0,5" >
					<Label text="" bkimage="file='bed_1.png' dest='0,0,40,40'"   textcolor="#FFFFFFFF" width="50" font="1" tooltip="床号" />
					<Edit name="edtBed_2" text="--"    textcolor="#FF000000" width="150" font="3" visible="false" />
					<Button name="btnBed_2" textpadding="4,0,4,0" textcolor="#FFFFFFFF" text="--" align="left" hotimage="file='btn_hot.png' corner='2,8,2,2'" width="150" font="3" tooltip="床号" />
				</HorizontalLayout>
				
				<HorizontalLayout height="40" inset="30,5,0,5" >
					<Label text="" bkimage="file='user_1.png' dest='0,7,30,32'"   textcolor="#FFFFFFFF" width="50" font="1" tooltip="病人姓名" />
					<Edit  name="edtName_2" text="--"    textcolor="#FF000000" width="150" font="3" visible="false" />
					<Button name="btnName_2" textpadding="4,0,4,0" textcolor="#FFFFFFFF" text="--" align="left" hotimage="file='btn_hot.png' corner='2,8,2,2'" width="150" font="3" tooltip="病人姓名" />
				</HorizontalLayout>
				
				<HorizontalLayout height="40" inset="30,5,0,5" >
					<Label   text="启用"   textcolor="#FFFFFFFF" width="50" font="1" />
					<Option width="30" name="opn_grid_switch_2" normalimage="not_checked_0.png" selectedimage="checked_0.png" selected="true" />
				</HorizontalLayout>
				
				<HorizontalLayout height="40" />
				
				<HorizontalLayout height="30" inset="10,0,10,0" >
					<Control bkimage="file='reader_1.png' dest='0,0,25,40'" width="30" /><Control width="10" /><Label text="读卡器信息"   textcolor="#FFFFFFFF" width="200" font="2" />
				</HorizontalLayout>
				
				<VerticalLayout inset="0,0,0,0" name="layReaders" />
				
			</VerticalLayout>
			
			
			<VerticalLayout inset="10,0,10,10" >
				<HorizontalLayout height="40">
					<Control bkimage="beat_1.png" width="40" /><Control width="10" /><Label text="温度曲线" name="lblTempTitle"   textcolor="#FFFFFFFF" width="150" font="2" />
				</HorizontalLayout>
			
				<VerticalLayout inset="0,0,0,0" hscrollbar="true" vscrollbar="false" sepheight="4" >
					<MyImage1 name="my_image_2" bordercolor="#FF666666" bordersize="1" bkcolor="#FF192431" menu="true" /> 
				</VerticalLayout>
			</VerticalLayout>
		</HorizontalLayout>
		
		
		
	</VerticalLayout>
	
	
</Window>