<?xml version="1.0" encoding="UTF-8"?>
<Window size="800,600" mininfo="800,600" caption="0,0,0,32" sizebox="4,4,4,4" roundcorner="5,5"> <!-- 窗口的初始尺寸(宽800，高600)、窗口的最小尺寸(宽600，高400)、标题栏拖拽区域(高32)、可拖拽边框大小(这里添加sizebox后就可以拖拽边框调整大小了) -->
	<Font id="0" name="宋体" size="12" bold="true" />
	<Font id="1" name="宋体" size="15" bold="true" />
	<Font id="2" name="宋体" size="20" bold="true" />
	<Font id="3" name="宋体" size="20" bold="true"  />
	<Font id="4" name="宋体" size="15" bold="true" />
	<Font id="5" name="宋体" size="12" bold="true" />
	<Font id="6" name="宋体" size="15" bold="false" />
	<Default name="VScrollBar" value="button1normalimage=&quot;file='scrollbar.bmp' source='0,90,16,106' mask='#FFFF00FF'&quot; button1hotimage=&quot;file='scrollbar.bmp' source='18,90,34,106' mask='#FFFF00FF'&quot; button1pushedimage=&quot;file='scrollbar.bmp' source='36,90,52,106' mask='#FFFF00FF'&quot; button1disabledimage=&quot;file='scrollbar.bmp' source='54,90,70,106' mask='#FFFF00FF'&quot; button2normalimage=&quot;file='scrollbar.bmp' source='0,108,16,124' mask='#FFFF00FF'&quot; button2hotimage=&quot;file='scrollbar.bmp' source='18,108,34,124' mask='#FFFF00FF'&quot; button2pushedimage=&quot;file='scrollbar.bmp' source='36,108,52,124' mask='#FFFF00FF'&quot; button2disabledimage=&quot;file='scrollbar.bmp' source='54,108,70,124' mask='#FFFF00FF'&quot; thumbnormalimage=&quot;file='scrollbar.bmp' source='0,126,16,142' corner='2,2,2,2' mask='#FFFF00FF'&quot; thumbhotimage=&quot;file='scrollbar.bmp' source='18,126,34,142' corner='2,2,2,2' mask='#FFFF00FF'&quot; thumbpushedimage=&quot;file='scrollbar.bmp' source='36,126,52,142' corner='2,2,2,2' mask='#FFFF00FF'&quot; thumbdisabledimage=&quot;file='scrollbar.bmp' source='54,126,70,142' corner='2,2,2,2' mask='#FFFF00FF'&quot; railnormalimage=&quot;file='scrollbar.bmp' source='0,144,16,160' corner='2,2,2,2' mask='#FFFF00FF'&quot; railhotimage=&quot;file='scrollbar.bmp' source='18,144,34,160' corner='2,2,2,2' mask='#FFFF00FF'&quot; railpushedimage=&quot;file='scrollbar.bmp' source='36,144,52,160' corner='2,2,2,2' mask='#FFFF00FF'&quot; raildisabledimage=&quot;file='scrollbar.bmp' source='54,144,70,160' corner='2,2,2,2' mask='#FFFF00FF'&quot; bknormalimage=&quot;file='scrollbar.bmp' source='0,162,16,178' corner='2,2,2,2' mask='#FFFF00FF'&quot; bkhotimage=&quot;file='scrollbar.bmp' source='18,162,34,178' corner='2,2,2,2' mask='#FFFF00FF'&quot; bkpushedimage=&quot;file='scrollbar.bmp' source='36,162,52,178' corner='2,2,2,2' mask='#FFFF00FF'&quot; bkdisabledimage=&quot;file='scrollbar.bmp' source='54,162,70,178' corner='2,2,2,2' mask='#FFFF00FF'&quot; " />
	<Default name="HScrollBar" value="button1normalimage=&quot;file='scrollbar.bmp' source='0,0,16,16' mask='#FFFF00FF'&quot; button1hotimage=&quot;file='scrollbar.bmp' source='18,0,34,16' mask='#FFFF00FF'&quot; button1pushedimage=&quot;file='scrollbar.bmp' source='36,0,52,16' mask='#FFFF00FF'&quot; button1disabledimage=&quot;file='scrollbar.bmp' source='54,0,70,16' mask='#FFFF00FF'&quot; button2normalimage=&quot;file='scrollbar.bmp' source='0,18,16,34' mask='#FFFF00FF'&quot; button2hotimage=&quot;file='scrollbar.bmp' source='18,18,34,34' mask='#FFFF00FF'&quot; button2pushedimage=&quot;file='scrollbar.bmp' source='36,18,52,34' mask='#FFFF00FF'&quot; button2disabledimage=&quot;file='scrollbar.bmp' source='54,18,70,34' mask='#FFFF00FF'&quot; thumbnormalimage=&quot;file='scrollbar.bmp' source='0,36,16,52' corner='2,2,2,2' mask='#FFFF00FF'&quot; thumbhotimage=&quot;file='scrollbar.bmp' source='18,36,34,52' corner='2,2,2,2' mask='#FFFF00FF'&quot; thumbpushedimage=&quot;file='scrollbar.bmp' source='36,36,52,52' corner='2,2,2,2' mask='#FFFF00FF'&quot; thumbdisabledimage=&quot;file='scrollbar.bmp' source='54,36,70,52' corner='2,2,2,2' mask='#FFFF00FF'&quot; railnormalimage=&quot;file='scrollbar.bmp' source='0,54,16,70' corner='2,2,2,2' mask='#FFFF00FF'&quot; railhotimage=&quot;file='scrollbar.bmp' source='18,54,34,70' corner='2,2,2,2' mask='#FFFF00FF'&quot; railpushedimage=&quot;file='scrollbar.bmp' source='36,54,52,70' corner='2,2,2,2' mask='#FFFF00FF'&quot; raildisabledimage=&quot;file='scrollbar.bmp' source='54,54,70,70' corner='2,2,2,2' mask='#FFFF00FF'&quot; bknormalimage=&quot;file='scrollbar.bmp' source='0,72,16,88' corner='2,2,2,2' mask='#FFFF00FF'&quot; bkhotimage=&quot;file='scrollbar.bmp' source='18,72,34,88' corner='2,2,2,2' mask='#FFFF00FF'&quot; bkpushedimage=&quot;file='scrollbar.bmp' source='36,72,52,88' corner='2,2,2,2' mask='#FFFF00FF'&quot; bkdisabledimage=&quot;file='scrollbar.bmp' source='54,72,70,88' corner='2,2,2,2' mask='#FFFF00FF'&quot; " />
	
	<VerticalLayout>
	
	<VerticalLayout bkcolor="#FFD1E8F5" bkcolor2="#FFC6E0F1" bordercolor="#FF768D9B" bordersize="1" borderround="5,5" inset="10,0,10,0" > <!-- 整个窗口的背景色 -->
		<!-- 标题栏区 -->
		<HorizontalLayout height="32" bkcolor="#00000000" > <!-- 标题栏背景色 bkcolor、bkcolor2、bkcolor3分别是渐变色的三个值-->   
			<HorizontalLayout inset="10,1,10,1" width="200" >
				<Container width="61" height="27" bkimage="file='logo.png'" />
				<Text name="txtTitle" text="术中监控-单人多点" pos="75, 8, 200, 24" float="true" textcolor="#FF447AA1" font="0" mouse="false" />
			</HorizontalLayout>
			<VerticalLayout /> <!-- 占空位，占据左边所有的空位-->
			<VerticalLayout width="126"> <!-- 右边三个控件所占的宽度-->
				<Button name="menubtn"                    tooltip="主菜单" float="true" pos="0,5,26,23"  width="26" normalimage=" file='frame_btn_menu.bmp' source='0,0,26,18' mask='#FFFF00FF' " hotimage=" file='frame_btn_menu.bmp' source='26,0,52,18' mask='#FFFF00FF' " pushedimage=" file='frame_btn_menu.bmp' source='52,0,78,18' mask='#FFFF00FF' "/>
				<!--<Button name="menubtn"                    tooltip="主菜单" float="true" pos="0,5,26,23"  width="26" normalimage="2.png" hotimage="2.png" pushedimage="2.png"/>-->
				<Button name="minbtn"                     tooltip="最小化" float="true" pos="26,5,52,23"  width="26" normalimage=" file='frame_btn_min.bmp' source='0,0,26,18' mask='#FFFF00FF' " hotimage=" file='frame_btn_min.bmp' source='26,0,52,18' mask='#FFFF00FF' " pushedimage=" file='frame_btn_min.bmp' source='52,0,78,18' mask='#FFFF00FF' "/>
				<Button name="maxbtn"                     tooltip="最大化" float="true" pos="52,5,78,23" width="26" normalimage=" file='frame_btn_max.bmp' source='0,0,26,18'"                   hotimage=" file='frame_btn_max.bmp' source='26,0,52,18'"                   pushedimage=" file='frame_btn_max.bmp' source='52,0,78,18' " disabledimage=" file='frame_btn_max.bmp' source='78,0,104,18' "  />
				<Button name="restorebtn" visible="false" tooltip="还原"   float="true" pos="52,5,78,23" width="26" normalimage=" file='frame_btn_max.bmp' source='104,0,130,18'"                hotimage=" file='frame_btn_max.bmp' source='130,0,156,18'"                 pushedimage=" file='frame_btn_max.bmp' source='156,0,182,18' " />
				<Button name="closebtn"                   tooltip="关闭"   float="true" pos="78,5,104,23" width="42" normalimage=" file='frame_btn_close_normal.bmp' mask='#FFFF00FF'" hotimage=" file='frame_btn_close_hot.bmp' mask='#FFFF00FF'" pushedimage=" file='frame_btn_close_down.bmp' mask='#FFFF00FF'"/>
			</VerticalLayout>      
		</HorizontalLayout>
		
		<!-- 客户区 -->
		<HorizontalLayout bkcolor="#FF192431" inset="0,0,0,0" >
			
			<VerticalLayout width="370" bkcolor="#FF192431" bkcolor2="#FF293441" inset="0,10,0,10" >
				
				<HorizontalLayout height="30" inset="10,0,10,0" >
					<Label text="个人信息"   textcolor="#FFFFFFFF" width="200" font="2" />
				</HorizontalLayout>
				
				<HorizontalLayout height="40" inset="30,5,0,5" >
					<Label text="姓名"   textcolor="#FFFFFFFF" width="50" font="1" />
					<Edit  name="edtName" text="--"    textcolor="#FF000000" width="150" font="3" visible="false" />
					<Button name="btnName" textpadding="4,0,4,0" textcolor="#FFFFFFFF" text="张三" align="left" hotimage="file='btn_hot.png' corner='2,8,2,2'" width="150" font="3" />
				</HorizontalLayout>
				
				<HorizontalLayout height="40"  inset="30,5,0,5" >
					<Label text="性别"   textcolor="#FFFFFFFF" width="50" font="1" />
					<Edit name="edtSex" text="--"    textcolor="#FF000000" width="150" font="3" visible="false" />
					<Button name="btnSex" textpadding="4,0,4,0" textcolor="#FFFFFFFF" text="男" align="left" hotimage="file='btn_hot.png' corner='2,8,2,2'" width="150" font="3" />
				</HorizontalLayout>
				
				<HorizontalLayout height="40" inset="30,5,0,5" >
					<Label text="年龄"   textcolor="#FFFFFFFF" width="50" font="1" />
					<Edit name="edtAge" text="--"    textcolor="#FF000000" width="150" font="3" visible="false" />
					<Button name="btnAge" textpadding="4,0,4,0" textcolor="#FFFFFFFF" text="55" align="left" hotimage="file='btn_hot.png' corner='2,8,2,2'" width="150" font="3" />
				</HorizontalLayout>
				
				<HorizontalLayout height="20" />
				
				<HorizontalLayout height="30" inset="10,0,10,0" >
					<Label text="读卡器信息"   textcolor="#FFFFFFFF" width="200" font="2" />
				</HorizontalLayout>
				
				<VerticalLayout inset="0,0,0,0" name="layReaders" />
				
			</VerticalLayout>
			
			
			<VerticalLayout inset="10,0,10,10" >
				<HorizontalLayout height="40">
					<Label text="温度曲线"   textcolor="#FFFFFFFF" width="150" font="1" />
				</HorizontalLayout>
			
				<VerticalLayout inset="0,0,0,0" hscrollbar="true" vscrollbar="false" sepheight="4" >
					<MyImage name="image0" bordercolor="#FF666666" bordersize="1" bkcolor="#FF192431" menu="true" /> 
				</VerticalLayout>
			</VerticalLayout>
				
		
						
		</HorizontalLayout>		

		<Edit name="edRemark" float="true" pos="100,100,200,150" text="123" font="1" maxchar="26" />
	</VerticalLayout>
	
	<!-- 状态栏 -->
	<HorizontalLayout height="30" bkcolor="#FF3A4F67" inset="10,3,10,3">
		<Label name="lblReaderStatus"   text="发射器连接失败"  width="250" font="4" textcolor="#FFFFFFFF" />
		<Control width="1" bkimage="sep.png" />
		<Control width="20" />
		<Label name="lblBartips"    text=""  font="4" textcolor="#FFCAF100" />
		<Control width="1" bkimage="sep.png" />
	</HorizontalLayout>
	
	</VerticalLayout>
	
</Window>