<?xml version="1.0" encoding="utf-8"?>
<Window>	
	<VerticalLayout>	
		<HorizontalLayout />
		
		<HorizontalLayout height="120">
			<Label text="01" align="center" textcolor="#FFFFFFFF" font="1"  />
		</HorizontalLayout>
		
		<HorizontalLayout inset="50,0,50,0" height="40">
			<Label text="心率：" textcolor="#FFFFFFFF" font="2" width="130"  />
			<Label name="lblBeat" textcolor="#FFFFFFFF" font="2" text="120" />
			<Label text="有效位：" textcolor="#FFFFFFFF" font="2"  />
			<Label name="lblBeatV" textcolor="#FFFFFFFF" font="2" text="56" />
		</HorizontalLayout>
		
		<HorizontalLayout inset="50,0,50,0" height="40">
			<Label text="血氧饱和度：" textcolor="#FFFFFFFF" font="2"  width="130"  />
			<Label name="lblOxy"  textcolor="#FFFFFFFF" font="2" text="100" />
			<Label text="有效位：" textcolor="#FFFFFFFF" font="2"  />
			<Label name="lblOxyV" textcolor="#FFFFFFFF" font="2" text="56" />
		</HorizontalLayout>
		
		<HorizontalLayout inset="50,0,50,0" height="40">
			<Label text="体温：" textcolor="#FFFFFFFF" font="2"  width="130"  />
			<Label name="lblTemp"  textcolor="#FFFFFFFF" font="2" text="36.8℃" />
		</HorizontalLayout>
		
		<HorizontalLayout inset="50,0,50,0" height="40">
			<Label text="人体姿势：" textcolor="#FFFFFFFF" font="2"  width="130"  />
			<Label name="lblPose"  textcolor="#FFFFFFFF" font="2" text="12" />
		</HorizontalLayout>
		
		<HorizontalLayout />
		
	</VerticalLayout>
</Window>