<?xml version="1.0" encoding="utf-8"?>
<Window>	
	<VerticalLayout>	
		<VerticalLayout inset="1,1,1,1" bordersize="1" bordercolor="#FF333333" height="102"   >		
			<TileLayout name="tilelayout" vscrollbar="true" itemsize="100,100" childpadding="10">
				<Include source="tileitem.xml" count="15"/>
			</TileLayout>		
		</VerticalLayout>
		
		<HorizontalLayout inset="10,20" height="40">
			<FileBrowse name="browse1" childvalign="center" width="400" normalimage="file='win7_button_normal.png' corner='5,5,5,5' hole='false' " hotimage="file='win7_button_hot.png' corner='5,5,5,5' hole='false' " pushedimage="file='win7_button_pushed.png' corner='5,5,5,5' hole='false' " browsewidth="50" text="浏览..."  />
			
			<Control width="10" />
			<Button name="btnShowFileName" text="获取文件名(&M)=>" width="120" normalimage="file='win7_button_normal.png' corner='5,5,5,5' hole='false' " hotimage="file='win7_button_hot.png' corner='5,5,5,5' hole='false' " pushedimage="file='win7_button_pushed.png' corner='5,5,5,5' hole='false' " shortcut="M" />
			
			<Control width="10" />
			<Edit name="edFileName" width="400" bordersize="1" bordercolor="#FF888888" />
			
		</HorizontalLayout>	

		<VerticalLayout inset="10,20,10,10">
			<VerticalLayout inset="0,0,0,4" sepimm="false" sepheight="4" height="100" minheight="100" maxheight="300" bkcolor="#FFCCCCCC">
				<HorizontalLayout bkcolor="#FFF1F1F3" inset="5,5,5,5" >
					<Label text="这是一个可以移动分割线的Layout" height="30" />
				</HorizontalLayout>
			</VerticalLayout>
			
			<VerticalLayout bkcolor="#FFF1F1F3" inset="5,5,5,5" >
				<Label text="这是下面的Layout" />
			</VerticalLayout>
			
		</VerticalLayout>
		
	</VerticalLayout>	
</Window>