<?xml version="1.0" encoding="utf-8"?>
<Window>	
	<VerticalLayout inset="1,1,1,1"   >		
		<HorizontalLayout inset="10,20" height="37">
			<Option name="option1" text="" normalimage="file='cb_normal.png' dest='0,0,16.16'" hotimage="file='cb_hot.png' dest='0,0,16.16'" pushedimage="file='cb_pushed.png' dest='0,0,16.16'" selectedimage="file='cb_selected.png' dest='0,0,16,16'" width="16" />
			<Control width="10" />
			<Label text="复选框" width="40" />
			
			<Control width="50" />
			<Option name="radio1"  group="radio" text="" textcolor="#FF000000" normalimage="file='radio_normal.png' source='0,0,17,17'" selectedimage="file='radio_selected.png' source='0,0,17,17'" width="17"  />
			<Control width="10" />
			<Label text="单选框1" width="40" />
			
			<Control width="10" />
			<Option name="radio2"  group="radio" text="" textcolor="#FF000000" normalimage="file='radio_normal.png' source='0,0,17,17'" selectedimage="file='radio_selected.png' source='0,0,17,17'" width="17"  />
			<Control width="10" />
			<Label text="单选框1" width="40" />		
		</HorizontalLayout >
		
		<HorizontalLayout inset="10,20" height="50">
			<Label text="只输入数字：" width="80" />
			<Edit name="edit1" numberonly="true" bkcolor="0xFFCCCCCC" nativebkcolor="0xFFCCCCCC" width="100" />
			<Control width="50" />
			<Label text="密码：" width="40" />
			<Edit name="edit2" password="true" bkcolor="0xFFCCCCCC" nativebkcolor="0xFFCCCCCC" width="100" />
		</HorizontalLayout >
		
		<HorizontalLayout inset="10,20" height="50">
			<Slider name="slider" enabled="true" width="124" height="19" value="50" min="0" max="100" bkimage="file='SliderBar_BK.bmp' mask='#ffff00ff'" thumbimage="file='SliderBar_Thumb.png' mask='0xffffffff'" thumbhotimage="file='SliderBar_Thumb.png' mask='0xffffffff'" thumbpushedimage="file='SliderBar_Thumb.png' mask='0xffffffff'" thumbsize="12,20" />
		</HorizontalLayout >
		
		<HorizontalLayout inset="10,20" height="50">
			<Button name="btnNonMode" text="非模式弹出(&P)" width="100" normalimage="file='win7_button_normal.png' corner='5,5,5,5' hole='false' " hotimage="file='win7_button_hot.png' corner='5,5,5,5' hole='false' " pushedimage="file='win7_button_pushed.png' corner='5,5,5,5' hole='false' " shortcut="P" />
			
			<Control width="10" />
			
			<Button name="btnMode" text="模式弹出(&M)" width="100" normalimage="file='win7_button_normal.png' corner='5,5,5,5' hole='false' " hotimage="file='win7_button_hot.png' corner='5,5,5,5' hole='false' " pushedimage="file='win7_button_pushed.png' corner='5,5,5,5' hole='false' " shortcut="M"  />
		</HorizontalLayout >
		
		<HorizontalLayout inset="10,20" height="50">
			<IPAddressEx name="ipaddr" width="140" bordersize="1" bordercolor="#FF888888" />
			
			<Control width="10" />
			<Button name="btnShowIp" text="获取IP字符串(&I) ==>" width="150" normalimage="file='win7_button_normal.png' corner='5,5,5,5' hole='false' " hotimage="file='win7_button_hot.png' corner='5,5,5,5' hole='false' " pushedimage="file='win7_button_pushed.png' corner='5,5,5,5' hole='false' " shortcut="I"  />
			
			<Control width="10" />
			<Edit name="edIpAddr" width="150" bordersize="1" bordercolor="#FF888888" />
		</HorizontalLayout >		
		
		<HorizontalLayout inset="10,20" height="50">
			<HotKey name="hotkey" width="160" bordersize="1" bordercolor="#FF888888"/>
			
			<Control width="10" />
			<Button name="btnShowHotKey" text="获取HotKey字符串(&K) ==>" width="150" normalimage="file='win7_button_normal.png' corner='5,5,5,5' hole='false' " hotimage="file='win7_button_hot.png' corner='5,5,5,5' hole='false' " pushedimage="file='win7_button_pushed.png' corner='5,5,5,5' hole='false' " shortcut="I"  />
			
			<Control width="10" />
			<Edit name="edHotKey" width="350" bordersize="1" bordercolor="#FF888888" />			
		</HorizontalLayout >		
		
		<HorizontalLayout inset="10,20" height="50">
			<Progress name="ProgressDemo1" text="Progress" width="200" height="30" foreimage="progressf.png" bkimage="progressb.png" min="0" max="100" value="50" hor="true" align="center" valign="vcenter" />
			
			<Control width="10" />
			<Ring name="ring" text="" textcolor="#FF333333" align="center" valign="vcenter" width="30" bkimage="ring.png"/>
		</HorizontalLayout >
		
		<HorizontalLayout inset="10,20" height="120">
			<List name="list_1" bkcolor="#FFFFFFFF" inset="1,1,1,1" itemshowhtml="true" vscrollbar="true" hscrollbar="true" headerbkimage="file='list_header_bg.png'" itemalign="center" itembkcolor="#FFFFFFFF" itemaltbk="false" menu="true" bordercolor="#FF768D9B" bordersize="1" itemfont="0" itemtextcolor="#FF386382" >
				<ListHeader height="24" menu="true">
					<ListHeaderItem text="姓氏"      font="0" width="100"  textcolor="#FF386382" hotimage="file='list_header_hot.png'" pushedimage="file='list_header_pushed.png'" sepimage="file='list_header_sep.png'" sepwidth="1"/>
					<ListHeaderItem text="名字"    font="0" width="100"  textcolor="#FF386382" hotimage="file='list_header_hot.png'" pushedimage="file='list_header_pushed.png'" sepimage="file='list_header_sep.png'" sepwidth="1"/>
					<ListHeaderItem text="手机"      font="0" width="100"  textcolor="#FF386382" hotimage="file='list_header_hot.png'" pushedimage="file='list_header_pushed.png'" sepimage="file='list_header_sep.png'" sepwidth="1"/>
					<ListHeaderItem text="邮箱"      font="0" width="150"  textcolor="#FF386382" hotimage="file='list_header_hot.png'" pushedimage="file='list_header_pushed.png'" sepimage="file='list_header_sep.png'" sepwidth="1"/>
				</ListHeader>
			</List>
		</HorizontalLayout >
		
		<HorizontalLayout inset="10,20" height="50">
			<Combo name="combo_1" width="120" height="30" vscrollbar="false" hscrollbar="true" normalimage="file='Combo_nor.bmp' corner='2,2,24,2'" hotimage="file='Combo_over.bmp' corner='2,2,24,2'" pushedimage="file='Combo_over.bmp' corner='2,2,24,2'" textpadding="5,1,5,1" itemfont="0" itemtextcolor="#FF386382" itemselectedtextcolor="#FF386382" />
		</HorizontalLayout>
		

	</VerticalLayout>
</Window>