<?xml version="1.0" encoding="UTF-8"?>
<Window size="1024,768" mininfo="800,600" caption="0,0,0,32" sizebox="4,4,4,4" roundcorner="0,0"> <!-- 窗口的初始尺寸(宽800，高600)、窗口的最小尺寸(宽600，高400)、标题栏拖拽区域(高32)、可拖拽边框大小(这里添加sizebox后就可以拖拽边框调整大小了) -->
	<Font id="0" name="宋体" size="12" bold="true" />
	<Default name="VScrollBar" value="button1normalimage=&quot;file='scrollbar.bmp' source='0,90,16,106' mask='#FFFF00FF'&quot; button1hotimage=&quot;file='scrollbar.bmp' source='18,90,34,106' mask='#FFFF00FF'&quot; button1pushedimage=&quot;file='scrollbar.bmp' source='36,90,52,106' mask='#FFFF00FF'&quot; button1disabledimage=&quot;file='scrollbar.bmp' source='54,90,70,106' mask='#FFFF00FF'&quot; button2normalimage=&quot;file='scrollbar.bmp' source='0,108,16,124' mask='#FFFF00FF'&quot; button2hotimage=&quot;file='scrollbar.bmp' source='18,108,34,124' mask='#FFFF00FF'&quot; button2pushedimage=&quot;file='scrollbar.bmp' source='36,108,52,124' mask='#FFFF00FF'&quot; button2disabledimage=&quot;file='scrollbar.bmp' source='54,108,70,124' mask='#FFFF00FF'&quot; thumbnormalimage=&quot;file='scrollbar.bmp' source='0,126,16,142' corner='2,2,2,2' mask='#FFFF00FF'&quot; thumbhotimage=&quot;file='scrollbar.bmp' source='18,126,34,142' corner='2,2,2,2' mask='#FFFF00FF'&quot; thumbpushedimage=&quot;file='scrollbar.bmp' source='36,126,52,142' corner='2,2,2,2' mask='#FFFF00FF'&quot; thumbdisabledimage=&quot;file='scrollbar.bmp' source='54,126,70,142' corner='2,2,2,2' mask='#FFFF00FF'&quot; railnormalimage=&quot;file='scrollbar.bmp' source='0,144,16,160' corner='2,2,2,2' mask='#FFFF00FF'&quot; railhotimage=&quot;file='scrollbar.bmp' source='18,144,34,160' corner='2,2,2,2' mask='#FFFF00FF'&quot; railpushedimage=&quot;file='scrollbar.bmp' source='36,144,52,160' corner='2,2,2,2' mask='#FFFF00FF'&quot; raildisabledimage=&quot;file='scrollbar.bmp' source='54,144,70,160' corner='2,2,2,2' mask='#FFFF00FF'&quot; bknormalimage=&quot;file='scrollbar.bmp' source='0,162,16,178' corner='2,2,2,2' mask='#FFFF00FF'&quot; bkhotimage=&quot;file='scrollbar.bmp' source='18,162,34,178' corner='2,2,2,2' mask='#FFFF00FF'&quot; bkpushedimage=&quot;file='scrollbar.bmp' source='36,162,52,178' corner='2,2,2,2' mask='#FFFF00FF'&quot; bkdisabledimage=&quot;file='scrollbar.bmp' source='54,162,70,178' corner='2,2,2,2' mask='#FFFF00FF'&quot; " />
	<Default name="HScrollBar" value="button1normalimage=&quot;file='scrollbar.bmp' source='0,0,16,16' mask='#FFFF00FF'&quot; button1hotimage=&quot;file='scrollbar.bmp' source='18,0,34,16' mask='#FFFF00FF'&quot; button1pushedimage=&quot;file='scrollbar.bmp' source='36,0,52,16' mask='#FFFF00FF'&quot; button1disabledimage=&quot;file='scrollbar.bmp' source='54,0,70,16' mask='#FFFF00FF'&quot; button2normalimage=&quot;file='scrollbar.bmp' source='0,18,16,34' mask='#FFFF00FF'&quot; button2hotimage=&quot;file='scrollbar.bmp' source='18,18,34,34' mask='#FFFF00FF'&quot; button2pushedimage=&quot;file='scrollbar.bmp' source='36,18,52,34' mask='#FFFF00FF'&quot; button2disabledimage=&quot;file='scrollbar.bmp' source='54,18,70,34' mask='#FFFF00FF'&quot; thumbnormalimage=&quot;file='scrollbar.bmp' source='0,36,16,52' corner='2,2,2,2' mask='#FFFF00FF'&quot; thumbhotimage=&quot;file='scrollbar.bmp' source='18,36,34,52' corner='2,2,2,2' mask='#FFFF00FF'&quot; thumbpushedimage=&quot;file='scrollbar.bmp' source='36,36,52,52' corner='2,2,2,2' mask='#FFFF00FF'&quot; thumbdisabledimage=&quot;file='scrollbar.bmp' source='54,36,70,52' corner='2,2,2,2' mask='#FFFF00FF'&quot; railnormalimage=&quot;file='scrollbar.bmp' source='0,54,16,70' corner='2,2,2,2' mask='#FFFF00FF'&quot; railhotimage=&quot;file='scrollbar.bmp' source='18,54,34,70' corner='2,2,2,2' mask='#FFFF00FF'&quot; railpushedimage=&quot;file='scrollbar.bmp' source='36,54,52,70' corner='2,2,2,2' mask='#FFFF00FF'&quot; raildisabledimage=&quot;file='scrollbar.bmp' source='54,54,70,70' corner='2,2,2,2' mask='#FFFF00FF'&quot; bknormalimage=&quot;file='scrollbar.bmp' source='0,72,16,88' corner='2,2,2,2' mask='#FFFF00FF'&quot; bkhotimage=&quot;file='scrollbar.bmp' source='18,72,34,88' corner='2,2,2,2' mask='#FFFF00FF'&quot; bkpushedimage=&quot;file='scrollbar.bmp' source='36,72,52,88' corner='2,2,2,2' mask='#FFFF00FF'&quot; bkdisabledimage=&quot;file='scrollbar.bmp' source='54,72,70,88' corner='2,2,2,2' mask='#FFFF00FF'&quot; " />
	
	
	<VerticalLayout>
		<VerticalLayout bkcolor="#FFD1E8F5" bkcolor2="#FFC6E0F1" bordercolor="#FF768D9B" bordersize="1" inset="1,1,1,1" > <!-- 整个窗口的背景色 -->
			<!-- 标题栏区 -->
			<HorizontalLayout height="32" bkcolor="#FFCCE3F0" > <!-- 标题栏背景色 bkcolor、bkcolor2、bkcolor3分别是渐变色的三个值-->   
				<HorizontalLayout inset="10,1,10,1" width="150" >
					<Container width="61" height="27" bkimage="file='logo.png'" />
					<VerticalLayout>
						<Control />
						<Text text="测试软件" textcolor="#FF447AA1" font="0" />
						<Control />
					</VerticalLayout>
				</HorizontalLayout>
				<VerticalLayout /> <!-- 占空位，占据左边所有的空位-->
				<VerticalLayout width="100"> <!-- 右边三个控件所占的宽度-->
					<Button name="minbtn"                     tooltip="最小化" float="true" pos="0,5,26,23"  width="26" normalimage=" file='frame_btn_min.bmp' source='0,0,26,18' mask='#FFFF00FF' " hotimage=" file='frame_btn_min.bmp' source='26,0,52,18' mask='#FFFF00FF' " pushedimage=" file='frame_btn_min.bmp' source='52,0,78,18' mask='#FFFF00FF' "/>
					<Button name="maxbtn"                     tooltip="最大化" float="true" pos="26,5,52,23" width="26" normalimage=" file='frame_btn_max.bmp' source='0,0,26,18'"                   hotimage=" file='frame_btn_max.bmp' source='26,0,52,18'"                   pushedimage=" file='frame_btn_max.bmp' source='52,0,78,18' " />
					<Button name="restorebtn" visible="false" tooltip="还原"   float="true" pos="26,5,52,23" width="26" normalimage=" file='frame_btn_max.bmp' source='104,0,130,18'"                hotimage=" file='frame_btn_max.bmp' source='130,0,156,18'"                 pushedimage=" file='frame_btn_max.bmp' source='156,0,182,18' " />
					<Button name="closebtn"                   tooltip="关闭"   float="true" pos="52,5,78,23" width="42" normalimage=" file='frame_btn_close_normal.bmp' mask='#FFFF00FF'" hotimage=" file='frame_btn_close_hot.bmp' mask='#FFFF00FF'" pushedimage=" file='frame_btn_close_down.bmp' mask='#FFFF00FF'"/>
				</VerticalLayout>      
			</HorizontalLayout>
			
			<!-- 客户区 -->
			<HorizontalLayout name="main_tabbar" inset="0,10" childpadding="-20" height="42">
				<Option name="option_1" selected="true" group="main_tabbar" width="150" height="32" text="组件-1" textpadding="0,0,0,0" normalimage="file='main_wnd_tab_item.png' source='0,0,43,32' corner='20,0,20,0'" pushedimage="file='main_wnd_tab_item.png' source='86,0,129,32' corner='20,0,20,0'" selectedimage="file='main_wnd_tab_item.png' source='86,0,129,32' corner='20,0,20,0'"/>
				
				<Option name="option_2" group="main_tabbar" width="150" height="32" text="组件-2" textpadding="0,0,0,0" normalimage="file='main_wnd_tab_item.png' source='0,0,43,32' corner='20,0,20,0'" pushedimage="file='main_wnd_tab_item.png' source='86,0,129,32' corner='20,0,20,0'" selectedimage="file='main_wnd_tab_item.png' source='86,0,129,32' corner='20,0,20,0'"/>
				
				<Option name="option_3" group="main_tabbar" width="150" height="32" text="组件-2" textpadding="0,0,0,0" normalimage="file='main_wnd_tab_item.png' source='0,0,43,32' corner='20,0,20,0'" pushedimage="file='main_wnd_tab_item.png' source='86,0,129,32' corner='20,0,20,0'" selectedimage="file='main_wnd_tab_item.png' source='86,0,129,32' corner='20,0,20,0'"/>
				
				<Option name="option_4" group="main_tabbar" width="150" height="32" text="组件-2" textpadding="0,0,0,0" normalimage="file='main_wnd_tab_item.png' source='0,0,43,32' corner='20,0,20,0'" pushedimage="file='main_wnd_tab_item.png' source='86,0,129,32' corner='20,0,20,0'" selectedimage="file='main_wnd_tab_item.png' source='86,0,129,32' corner='20,0,20,0'"/>
			</HorizontalLayout>
			
			<!--Tab区-->
			<HorizontalLayout bkcolor="#FFFFFFFF" bordercolor="#FF768D9B" bordersize="0">
				<TabLayout name="switch">
					<HorizontalLayout>
						<Controls_1 />
					</HorizontalLayout>
					<HorizontalLayout>
						<Controls_2 />
					</HorizontalLayout>
					<HorizontalLayout>
						<Controls_3 />
					</HorizontalLayout>
					<HorizontalLayout>
						<Controls_4 />
					</HorizontalLayout>
				</TabLayout>				
			</HorizontalLayout>			
			
		</VerticalLayout>
		
		<!-- 状态栏 -->
		<HorizontalLayout height="30" bkcolor="#FF007ACC" inset="10,3,10,3">
			<Label name="lblDatabaseStatus"         text="数据库连接失败"         width="250" font="0" textcolor="#FFCAF100"  /><Control width="1" bkimage="sep.png" /><Control width="10" />		
		</HorizontalLayout>
	</VerticalLayout>
</Window>