<?xml version="1.0" encoding="utf-8"?>
<Window>	
	<VerticalLayout inset="10,1,10,1" bkcolor="#FFD1E8F5"  >
	
		<VerticalLayout height="160" inset="10,25,10,5">
			<Label text="注意事项：" font="2" textcolor="#FF386382" />
			<Label text="1. 多模基站和电脑用USB线连接" font="2" textcolor="#FF386382" />
			<Label text="2. 设置成功的标志是听到多模基站嘀的一声响" font="2" textcolor="#FFFF0000" />
			<Label text="3. 断电重启，配置才生效" font="2" textcolor="#FF386382" />
		</VerticalLayout>
		
		<HorizontalLayout height="80" inset="10,45,10,5">
			<Label text="选择串口" width="150" font="3" textcolor="#FF386382" />
			<Combo name="cmbComPort_3" width="400" normalimage="file='Combo_nor.bmp' corner='2,2,24,2'" hotimage="file='Combo_over.bmp' corner='2,2,24,2'" pushedimage="file='Combo_over.bmp' corner='2,2,24,2'" textpadding="5,1,5,1" itemfont="3" itemtextcolor="#FF386382" itemselectedtextcolor="#FF386382"  >
			</Combo>
		</HorizontalLayout>
		
		<HorizontalLayout height="10" />
		
		<VerticalLayout bordercolor="#FF768D9B" bordersize="1" height="182" width="750"  >
		
			<HorizontalLayout height="60" inset="0,0,0,0" >
				<HorizontalLayout width="150">
					<Label  text="连续测温模块" align="center" font="3" textcolor="#FF386382" />
				</HorizontalLayout>
				
				<HorizontalLayout width="1" bkcolor="#FF768D9B" />
				
				<VerticalLayout inset="0,10,0,10">
					<HorizontalLayout height="40" inset="10,5,10,5">
						<Label text="病区号" width="150" font="3" textcolor="#FF386382" />
						<Combo name="cmbArea_2" width="210" normalimage="file='Combo_nor.bmp' corner='2,2,24,2'" hotimage="file='Combo_over.bmp' corner='2,2,24,2'" pushedimage="file='Combo_over.bmp' corner='2,2,24,2'" textpadding="5,1,5,1" itemfont="3" itemtextcolor="#FF386382" itemselectedtextcolor="#FF386382" vscrollbar="true"  >
						</Combo>
					</HorizontalLayout>
				</VerticalLayout>
				
				<HorizontalLayout width="200" inset="25,10,25,10" >
					<Button name="btnSetting_5" text="设置" font="3" textcolor="#FF386382" normalimage="file='win7_button_normal.png' corner='5,5,5,5' hole='false' " hotimage="file='win7_button_hot.png' corner='5,5,5,5' hole='false' " pushedimage="file='win7_button_pushed.png' corner='5,5,5,5' hole='false' " />
				</HorizontalLayout>
			</HorizontalLayout>
			
			<HorizontalLayout height="1" bkcolor="#FF768D9B" />
			
			<HorizontalLayout height="120" inset="0,0,0,0" >
				<HorizontalLayout width="150">
					<Label  text="非连续测温模块" align="center" font="3" textcolor="#FF386382" />
				</HorizontalLayout>
				
				<HorizontalLayout width="1" bkcolor="#FF768D9B" />
				
				<VerticalLayout>
					<HorizontalLayout height="40" inset="10,5,10,5">
						<Label text="模块1信道" width="150" font="3" textcolor="#FF386382" />
						<Combo name="cmbChannel_a" width="100" normalimage="file='Combo_nor.bmp' corner='2,2,24,2'" hotimage="file='Combo_over.bmp' corner='2,2,24,2'" pushedimage="file='Combo_over.bmp' corner='2,2,24,2'" textpadding="5,1,5,1" itemfont="3" itemtextcolor="#FF386382" itemselectedtextcolor="#FF386382" vscrollbar="true"  >
							</Combo>
					</HorizontalLayout>
					
					<HorizontalLayout height="40" inset="10,5,10,5">
						<Label text="模块2信道" width="150" font="3" textcolor="#FF386382" />
						<Edit  name="edtChannel_b" font="3" textcolor="#FF386382" width="100" text="1" readonly="true" bkcolor="0xFFCCCCCC" nativebkcolor="0xFFCCCCCC" />
					</HorizontalLayout>
					
					<HorizontalLayout height="40" inset="10,5,10,5">
						<Label text="模块3信道" width="150" font="3" textcolor="#FF386382" />
						<Edit  name="edtChannel_c" font="3" textcolor="#FF386382" width="100" text="1" readonly="true" bkcolor="0xFFCCCCCC" nativebkcolor="0xFFCCCCCC" />
					</HorizontalLayout>
				</VerticalLayout>
				
				<VerticalLayout width="200" inset="25,0,25,0"  >
					<Control />
					<Button name="btnSetting_6" text="设置" font="3" textcolor="#FF386382" normalimage="file='win7_button_normal.png' corner='5,5,5,5' hole='false' " hotimage="file='win7_button_hot.png' corner='5,5,5,5' hole='false' " pushedimage="file='win7_button_pushed.png' corner='5,5,5,5' hole='false' " height="40" />
					<Control />
				</VerticalLayout>
			</HorizontalLayout>
		</VerticalLayout>
		
	</VerticalLayout>
</Window>