<?xml version="1.0" encoding="utf-8"?>
<Window>	
	<VerticalLayout inset="10,1,10,1" bkcolor="#FFD1E8F5"  >		
	
		<VerticalLayout height="160" inset="10,25,10,5">
			<Label text="注意事项：" font="2" textcolor="#FF386382" />
			<Label text="1. Reader和电脑用USB线连接" font="2" textcolor="#FF386382" />
			<Label text="2. 设置成功的标志是听到Reader嘀的一声响" font="2" textcolor="#FFFF0000" />
			<Label text="3. 断电重启，配置才生效" font="2" textcolor="#FF386382" />
		</VerticalLayout>
		
		<HorizontalLayout height="80" inset="10,45,10,5">
			<Label text="选择串口" width="150" font="3" textcolor="#FF386382" />
			<Combo name="cmbComPort_1" width="400" normalimage="file='Combo_nor.bmp' corner='2,2,24,2'" hotimage="file='Combo_over.bmp' corner='2,2,24,2'" pushedimage="file='Combo_over.bmp' corner='2,2,24,2'" textpadding="5,1,5,1" itemfont="3" itemtextcolor="#FF386382" itemselectedtextcolor="#FF386382"  >
			</Combo>
		</HorizontalLayout>
		
		<HorizontalLayout height="10" />
		
		<VerticalLayout bordercolor="#FF768D9B" bordersize="1" height="162" width="600"  >
		
			<HorizontalLayout height="100" inset="0,10,0,10" >
				<VerticalLayout>
					<HorizontalLayout height="40" inset="10,5,10,5">
						<Label text="读卡器地址" width="150" font="3" textcolor="#FF386382" />
						<Combo name="cmbAddr_1" width="100" normalimage="file='Combo_nor.bmp' corner='2,2,24,2'" hotimage="file='Combo_over.bmp' corner='2,2,24,2'" pushedimage="file='Combo_over.bmp' corner='2,2,24,2'" textpadding="5,1,5,1" itemfont="3" itemtextcolor="#FF386382" itemselectedtextcolor="#FF386382" vscrollbar="true"  >
						</Combo>
					</HorizontalLayout>
					
					<HorizontalLayout height="40" inset="10,5,10,5">
						<Label text="读卡器信道" width="150" font="3" textcolor="#FF386382" />
						<Combo name="cmbChannel_1" width="100" normalimage="file='Combo_nor.bmp' corner='2,2,24,2'" hotimage="file='Combo_over.bmp' corner='2,2,24,2'" pushedimage="file='Combo_over.bmp' corner='2,2,24,2'" textpadding="5,1,5,1" itemfont="3" itemtextcolor="#FF386382" itemselectedtextcolor="#FF386382"  >
						</Combo>
					</HorizontalLayout>
				</VerticalLayout>
				
				<HorizontalLayout width="200" inset="25,20,25,20" >
					<Button name="btnSetting_1" text="设置" font="3" textcolor="#FF386382" normalimage="file='win7_button_normal.png' corner='5,5,5,5' hole='false' " hotimage="file='win7_button_hot.png' corner='5,5,5,5' hole='false' " pushedimage="file='win7_button_pushed.png' corner='5,5,5,5' hole='false' " />
				</HorizontalLayout>
			</HorizontalLayout>
			
			<HorizontalLayout height="1" bkcolor="#FF768D9B" />
			
			<HorizontalLayout height="60" inset="0,10,0,10" >
				<HorizontalLayout height="40" inset="10,5,10,5">
					<Label text="读卡器SN" width="150" font="3" textcolor="#FF386382" />
					<Edit  name="edtSN_1" font="3" textcolor="#FF386382" width="100" text="1" />
				</HorizontalLayout>
				
				<HorizontalLayout width="200" inset="25,0,25,0" >
					<Button name="btnSetting_2" text="设置" font="3" textcolor="#FF386382" normalimage="file='win7_button_normal.png' corner='5,5,5,5' hole='false' " hotimage="file='win7_button_hot.png' corner='5,5,5,5' hole='false' " pushedimage="file='win7_button_pushed.png' corner='5,5,5,5' hole='false' " />
				</HorizontalLayout>
			</HorizontalLayout>
		</VerticalLayout>
		
		
	
		
	</VerticalLayout>
</Window>