<?xml version="1.0" encoding="UTF-8"?>
<Window>
	<VerticalLayout inset="10,10,10,10">
	
		<HorizontalLayout height="30" inset="10,5,10,0">
			<Label text="传输方式：" width="100" font="1" textcolor="#FF386382" />
			
			<VerticalLayout width="17">
				<Control />
				<Option name="rdSingle"  group="radio" text="" textcolor="#FF000000" normalimage="file='radio_normal.png' source='0,0,17,17'" selectedimage="file='radio_selected.png' source='0,0,17,17'" width="17" height="17"  />
				<Control />
			</VerticalLayout>
			
			<Control width="10" />
			<Label text="定向" width="80" font="1" textcolor="#FF386382" />
			
			<Control width="10" />
			<VerticalLayout width="17">
				<Control />
				<Option name="rdBroadcast"  group="radio" text="" textcolor="#FF000000" normalimage="file='radio_normal.png' source='0,0,17,17'" selectedimage="file='radio_selected.png' source='0,0,17,17'" width="17" height="17"  />
				<Control />
			</VerticalLayout>
			
			<Control width="10" />
			<Label text="广播" width="80" font="1" textcolor="#FF386382" />	
		</HorizontalLayout>		
		
		<HorizontalLayout height="30" inset="10,5,10,0">
			<Label text="Reader地址：" width="100" font="1" textcolor="#FF386382" />
			<Edit  name="edReaderAddr" width="200" font="1" textcolor="#FF386382" numberonly="true" />
		</HorizontalLayout>	
		
		<HorizontalLayout height="30" inset="10,5,10,0">
			<Label text="工作模式：" width="100" font="1" textcolor="#FF386382" />
			
			<VerticalLayout width="17">
				<Control />
				<Option name="rdAdjust"  group="radio1" text="" textcolor="#FF000000" normalimage="file='radio_normal.png' source='0,0,17,17'" selectedimage="file='radio_selected.png' source='0,0,17,17'" width="17" height="17"  />
				<Control />
			</VerticalLayout>
			
			<Control width="10" />
			<Label text="校准模式" width="80" font="1" textcolor="#FF386382" />
			
			<Control width="10" />
			<VerticalLayout width="17">
				<Control />
				<Option name="rdTemp"  group="radio1" text="" textcolor="#FF000000" normalimage="file='radio_normal.png' source='0,0,17,17'" selectedimage="file='radio_selected.png' source='0,0,17,17'" width="17" height="17"  />
				<Control />
			</VerticalLayout>
			
			<Control width="10" />
			<Label text="测温模式" width="80" font="1" textcolor="#FF386382" />	
		</HorizontalLayout>	
		
		<HorizontalLayout height="30" inset="10,5,10,0">
			<Button name="btnOk1" text="确定(&W)" width="100" normalimage="file='win7_button_normal.png' corner='5,5,5,5' hole='false' " hotimage="file='win7_button_hot.png' corner='5,5,5,5' hole='false' " pushedimage="file='win7_button_pushed.png' corner='5,5,5,5' hole='false' " shortcut="W" font="1" textcolor="#FF386382"  />
		</HorizontalLayout>
		
	</VerticalLayout>
</Window>