<?xml version="1.0" encoding="UTF-8"?>
<Window>
	<VerticalLayout inset="10,10,10,10">
	
		<HorizontalLayout height="30" inset="10,5,10,0">
			<Label text="配置Reader：" width="100" font="1" textcolor="#FF386382" />
		</HorizontalLayout>		
		
		<HorizontalLayout height="30" inset="20,5,10,0">
			<Label text="Reader地址：" width="100" font="1" textcolor="#FF386382" />
			<Edit  name="edAddr" width="200" font="1" textcolor="#FF386382" numberonly="true" />
		</HorizontalLayout>	
		
		<HorizontalLayout height="30" inset="20,5,10,0">
			<Label text="Reader信道：" width="100" font="1" textcolor="#FF386382" />
			<Edit  name="edChannel" width="200" font="1" textcolor="#FF386382" numberonly="true" />
		</HorizontalLayout>	
		
		<HorizontalLayout height="30" inset="20,5,10,0">
			<Button name="btnOk2" text="确定(&Q)" width="100" normalimage="file='win7_button_normal.png' corner='5,5,5,5' hole='false' " hotimage="file='win7_button_hot.png' corner='5,5,5,5' hole='false' " pushedimage="file='win7_button_pushed.png' corner='5,5,5,5' hole='false' " shortcut="Q" font="1" textcolor="#FF386382"  />
		</HorizontalLayout>	
		
		<HorizontalLayout height="30" inset="20,5,10,0">
			<Label text="Reader SN号：" width="100" font="1" textcolor="#FF386382" />
			<Edit  name="edSN" width="200" font="1" textcolor="#FF386382" numberonly="true" />
		</HorizontalLayout>	
		
		<HorizontalLayout height="30" inset="20,5,10,0">
			<Button name="btnOk5" text="确定(&T)" width="100" normalimage="file='win7_button_normal.png' corner='5,5,5,5' hole='false' " hotimage="file='win7_button_hot.png' corner='5,5,5,5' hole='false' " pushedimage="file='win7_button_pushed.png' corner='5,5,5,5' hole='false' " shortcut="Q" font="1" textcolor="#FF386382"  />
		</HorizontalLayout>	
		
		<HorizontalLayout height="20"  />
		
		<HorizontalLayout height="30" inset="10,5,10,0">
			<Label text="配置基站：" width="100" font="1" textcolor="#FF386382" />
		</HorizontalLayout>		
		
		<HorizontalLayout height="30" inset="20,5,10,0">
			<Label text="基站地址：" width="100" font="1" textcolor="#FF386382" />
			<Edit  name="edAddr_1" width="200" font="1" textcolor="#FF386382" numberonly="true" />
		</HorizontalLayout>	
		
		<HorizontalLayout height="30" inset="20,5,10,0">
			<Label text="基站信道：" width="100" font="1" textcolor="#FF386382" />
			<Edit  name="edChannel_1" width="200" font="1" textcolor="#FF386382" numberonly="true" />
		</HorizontalLayout>	
		
		<HorizontalLayout height="30" inset="20,5,10,0">
			<Button name="btnOk3" text="确定(&E)" width="100" normalimage="file='win7_button_normal.png' corner='5,5,5,5' hole='false' " hotimage="file='win7_button_hot.png' corner='5,5,5,5' hole='false' " pushedimage="file='win7_button_pushed.png' corner='5,5,5,5' hole='false' " shortcut="E" font="1" textcolor="#FF386382"  />
		</HorizontalLayout>
		
		<HorizontalLayout height="20"  />
		
		<HorizontalLayout height="30" inset="10,5,10,0">
			<Label text="基站查询：" width="100" font="1" textcolor="#FF386382" />
		</HorizontalLayout>		
		
		<HorizontalLayout height="30" inset="20,5,10,0">
			<Label text="基站信道：" width="100" font="1" textcolor="#FF386382" />
			<Edit  name="edChannel_2" width="200" font="1" textcolor="#FF386382" readonly="true" bkcolor="0xFFCCCCCC" nativebkcolor="0xFFCCCCCC" />
		</HorizontalLayout>	
		
		<HorizontalLayout height="30" inset="20,5,10,0">
			<Button name="btnOk4" text="确定(&R)" width="100" normalimage="file='win7_button_normal.png' corner='5,5,5,5' hole='false' " hotimage="file='win7_button_hot.png' corner='5,5,5,5' hole='false' " pushedimage="file='win7_button_pushed.png' corner='5,5,5,5' hole='false' " shortcut="R" font="1" textcolor="#FF386382"  />
		</HorizontalLayout>
		
	</VerticalLayout>
</Window>