<?xml version="1.0" encoding="UTF-8"?>
<Window size="800,600" mininfo="800,600" caption="0,0,0,32" sizebox="4,4,4,4" roundcorner="5,5"> <!-- 窗口的初始尺寸(宽800，高600)、窗口的最小尺寸(宽600，高400)、标题栏拖拽区域(高32)、可拖拽边框大小(这里添加sizebox后就可以拖拽边框调整大小了) -->
	<Font id="0" name="宋体" size="12" bold="true" />
	<Font id="1" name="宋体" size="15" bold="true" />
	<Font id="2" name="宋体" size="20" bold="true" />
	<Font id="3" name="宋体" size="25" bold="true"  />
	<Font id="4" name="宋体" size="55" bold="true" />
	<Font id="5" name="宋体" size="12" bold="true" />
	<Font id="6" name="宋体" size="15" bold="false" />
	<Font id="7" name="微软雅黑" size="80"  bold="true" />
	<Font id="8" name="微软雅黑" size="60"  bold="true" />
	<Font id="9" name="微软雅黑" size="40"  bold="true" />
	<Font id="100" name="宋体" size="20"  bold="true" />
	<Font id="101" name="宋体" size="18"  bold="true" />
	<Font id="102" name="微软雅黑" size="40"  bold="true" />
	
	<Font id="10" name="微软雅黑" size="30"  bold="true" />
	<Font id="11" name="微软雅黑" size="50"  bold="true" />
	<Font id="12" name="微软雅黑" size="70"  bold="true" />
	<Font id="13" name="微软雅黑" size="100" bold="true" />
	<Font id="14" name="微软雅黑" size="130" bold="true" />
	<Font id="15" name="微软雅黑" size="160" bold="true" />
	<Font id="16" name="微软雅黑" size="200" bold="true" />
	<Font id="17" name="微软雅黑" size="250" bold="true" />
	
	<Default name="VScrollBar" value="button1normalimage=&quot;file='scrollbar.bmp' source='0,90,16,106' mask='#FFFF00FF'&quot; button1hotimage=&quot;file='scrollbar.bmp' source='18,90,34,106' mask='#FFFF00FF'&quot; button1pushedimage=&quot;file='scrollbar.bmp' source='36,90,52,106' mask='#FFFF00FF'&quot; button1disabledimage=&quot;file='scrollbar.bmp' source='54,90,70,106' mask='#FFFF00FF'&quot; button2normalimage=&quot;file='scrollbar.bmp' source='0,108,16,124' mask='#FFFF00FF'&quot; button2hotimage=&quot;file='scrollbar.bmp' source='18,108,34,124' mask='#FFFF00FF'&quot; button2pushedimage=&quot;file='scrollbar.bmp' source='36,108,52,124' mask='#FFFF00FF'&quot; button2disabledimage=&quot;file='scrollbar.bmp' source='54,108,70,124' mask='#FFFF00FF'&quot; thumbnormalimage=&quot;file='scrollbar.bmp' source='0,126,16,142' corner='2,2,2,2' mask='#FFFF00FF'&quot; thumbhotimage=&quot;file='scrollbar.bmp' source='18,126,34,142' corner='2,2,2,2' mask='#FFFF00FF'&quot; thumbpushedimage=&quot;file='scrollbar.bmp' source='36,126,52,142' corner='2,2,2,2' mask='#FFFF00FF'&quot; thumbdisabledimage=&quot;file='scrollbar.bmp' source='54,126,70,142' corner='2,2,2,2' mask='#FFFF00FF'&quot; railnormalimage=&quot;file='scrollbar.bmp' source='0,144,16,160' corner='2,2,2,2' mask='#FFFF00FF'&quot; railhotimage=&quot;file='scrollbar.bmp' source='18,144,34,160' corner='2,2,2,2' mask='#FFFF00FF'&quot; railpushedimage=&quot;file='scrollbar.bmp' source='36,144,52,160' corner='2,2,2,2' mask='#FFFF00FF'&quot; raildisabledimage=&quot;file='scrollbar.bmp' source='54,144,70,160' corner='2,2,2,2' mask='#FFFF00FF'&quot; bknormalimage=&quot;file='scrollbar.bmp' source='0,162,16,178' corner='2,2,2,2' mask='#FFFF00FF'&quot; bkhotimage=&quot;file='scrollbar.bmp' source='18,162,34,178' corner='2,2,2,2' mask='#FFFF00FF'&quot; bkpushedimage=&quot;file='scrollbar.bmp' source='36,162,52,178' corner='2,2,2,2' mask='#FFFF00FF'&quot; bkdisabledimage=&quot;file='scrollbar.bmp' source='54,162,70,178' corner='2,2,2,2' mask='#FFFF00FF'&quot; " />
	<Default name="HScrollBar" value="button1normalimage=&quot;file='scrollbar.bmp' source='0,0,16,16' mask='#FFFF00FF'&quot; button1hotimage=&quot;file='scrollbar.bmp' source='18,0,34,16' mask='#FFFF00FF'&quot; button1pushedimage=&quot;file='scrollbar.bmp' source='36,0,52,16' mask='#FFFF00FF'&quot; button1disabledimage=&quot;file='scrollbar.bmp' source='54,0,70,16' mask='#FFFF00FF'&quot; button2normalimage=&quot;file='scrollbar.bmp' source='0,18,16,34' mask='#FFFF00FF'&quot; button2hotimage=&quot;file='scrollbar.bmp' source='18,18,34,34' mask='#FFFF00FF'&quot; button2pushedimage=&quot;file='scrollbar.bmp' source='36,18,52,34' mask='#FFFF00FF'&quot; button2disabledimage=&quot;file='scrollbar.bmp' source='54,18,70,34' mask='#FFFF00FF'&quot; thumbnormalimage=&quot;file='scrollbar.bmp' source='0,36,16,52' corner='2,2,2,2' mask='#FFFF00FF'&quot; thumbhotimage=&quot;file='scrollbar.bmp' source='18,36,34,52' corner='2,2,2,2' mask='#FFFF00FF'&quot; thumbpushedimage=&quot;file='scrollbar.bmp' source='36,36,52,52' corner='2,2,2,2' mask='#FFFF00FF'&quot; thumbdisabledimage=&quot;file='scrollbar.bmp' source='54,36,70,52' corner='2,2,2,2' mask='#FFFF00FF'&quot; railnormalimage=&quot;file='scrollbar.bmp' source='0,54,16,70' corner='2,2,2,2' mask='#FFFF00FF'&quot; railhotimage=&quot;file='scrollbar.bmp' source='18,54,34,70' corner='2,2,2,2' mask='#FFFF00FF'&quot; railpushedimage=&quot;file='scrollbar.bmp' source='36,54,52,70' corner='2,2,2,2' mask='#FFFF00FF'&quot; raildisabledimage=&quot;file='scrollbar.bmp' source='54,54,70,70' corner='2,2,2,2' mask='#FFFF00FF'&quot; bknormalimage=&quot;file='scrollbar.bmp' source='0,72,16,88' corner='2,2,2,2' mask='#FFFF00FF'&quot; bkhotimage=&quot;file='scrollbar.bmp' source='18,72,34,88' corner='2,2,2,2' mask='#FFFF00FF'&quot; bkpushedimage=&quot;file='scrollbar.bmp' source='36,72,52,88' corner='2,2,2,2' mask='#FFFF00FF'&quot; bkdisabledimage=&quot;file='scrollbar.bmp' source='54,72,70,88' corner='2,2,2,2' mask='#FFFF00FF'&quot; " />
	
	<VerticalLayout>
	
		<VerticalLayout name="layWindow" bkcolor="#FFD1E8F5" bkcolor2="#FFC6E0F1" bordercolor="#FF768D9B" bordersize="1" borderround="5,5" inset="10,1,10,1" > <!-- 整个窗口的背景色 -->			
			
			<!-- 标题栏区 -->
			<HorizontalLayout height="32" bkcolor="#00000000" > <!-- 标题栏背景色 bkcolor、bkcolor2、bkcolor3分别是渐变色的三个值-->   
				<HorizontalLayout inset="10,1,10,1" >
					<Container width="61" height="27" bkimage="file='logo.png'" />
					<Text name="txtTitle" text="易温体温中央监控T" pos="75, 8, 250, 24" float="true" textcolor="#FF447AA1" font="0" mouse="false" />
				</HorizontalLayout>
				<VerticalLayout /> <!-- 占空位，占据左边所有的空位-->
				<VerticalLayout width="126"> <!-- 右边三个控件所占的宽度-->
					<Button name="menubtn"                    tooltip="主菜单" float="true" pos="0,5,26,23"  width="26" normalimage=" file='frame_btn_menu.bmp' source='0,0,26,18' mask='#FFFF00FF' " hotimage=" file='frame_btn_menu.bmp' source='26,0,52,18' mask='#FFFF00FF' " pushedimage=" file='frame_btn_menu.bmp' source='52,0,78,18' mask='#FFFF00FF' "/>
					<!--<Button name="menubtn"                    tooltip="主菜单" float="true" pos="0,5,26,23"  width="26" normalimage="2.png" hotimage="2.png" pushedimage="2.png"/>-->
					<Button name="minbtn"                     tooltip="最小化" float="true" pos="26,5,52,23"  width="26" normalimage=" file='frame_btn_min.bmp' source='0,0,26,18' mask='#FFFF00FF' " hotimage=" file='frame_btn_min.bmp' source='26,0,52,18' mask='#FFFF00FF' " pushedimage=" file='frame_btn_min.bmp' source='52,0,78,18' mask='#FFFF00FF' "/>
					<Button name="maxbtn"                     tooltip="最大化" float="true" pos="52,5,78,23" width="26" normalimage=" file='frame_btn_max.bmp' source='0,0,26,18'"                   hotimage=" file='frame_btn_max.bmp' source='26,0,52,18'"                   pushedimage=" file='frame_btn_max.bmp' source='52,0,78,18' " disabledimage=" file='frame_btn_max.bmp' source='78,0,104,18' "  />
					<Button name="restorebtn" visible="false" tooltip="还原"   float="true" pos="52,5,78,23" width="26" normalimage=" file='frame_btn_max.bmp' source='104,0,130,18'"                hotimage=" file='frame_btn_max.bmp' source='130,0,156,18'"                 pushedimage=" file='frame_btn_max.bmp' source='156,0,182,18' " />
					<Button name="closebtn"                   tooltip="关闭"   float="true" pos="78,5,104,23" width="42" normalimage=" file='frame_btn_close_normal.bmp' mask='#FFFF00FF'" hotimage=" file='frame_btn_close_hot.bmp' mask='#FFFF00FF'" pushedimage=" file='frame_btn_close_down.bmp' mask='#FFFF00FF'"/>
				</VerticalLayout>      
			</HorizontalLayout>
			
			<!-- 客户区 -->
			<HorizontalLayout height="85" inset="8,5,0,0">
				<Option width="100" height="80" name="opn_monitor" text="床位视窗" textcolor="#FF386382" font="1" textpadding="0,60,0,2" foreimage="file='monitor.png' dest='23,5,78,60' " normalimage="toolbar_normal.png" hotimage="toolbar_hover.png" pushedimage="toolbar_pushed.png" selectedimage="toolbar_pushed.png" group="quickbar" selected="true"/>
				<Option width="100" height="80" name="opn_reader"  text="手持测温" textcolor="#FF386382" font="1" textpadding="0,60,0,2" foreimage="file='reader.png' dest='23,5,78,60'" normalimage="toolbar_normal.png" hotimage="toolbar_hover.png" pushedimage="toolbar_pushed.png" selectedimage="toolbar_pushed.png" group="quickbar"/>
			</HorizontalLayout>
			
			<TileLayout bkcolor="#FF192431" inset="0,0,0,0" name="layMain" columns="2" >
				
			</TileLayout>
			
			<HorizontalLayout bkcolor="#FF43424C" inset="0,0,0,0" name="layMain_1" visible="false">
				<VerticalLayout width="500">
					<HorizontalLayout height="40" inset="10,0,10,0" >
						<Control bkimage="file='tag.png' dest='0,15,35,26'" width="35" /><Control width="10" /><Label text="所有Tag信息"   textcolor="#FFFFFFFF" width="200" font="2" />
					</HorizontalLayout>
					
					<VerticalLayout inset="0,0,0,0" name="layTags" hscrollbar="false" vscrollbar="true" sepheight="4" />
				</VerticalLayout>
				
				<VerticalLayout inset="0,0,0,0" hscrollbar="true" vscrollbar="false" sepheight="4" name="layHandTagView" >
					<MyImage_1 name="my_image_hand_reader" bordercolor="#FF666666" bordersize="1" bkcolor="#FF43424C" />
				</VerticalLayout>
				
				<TileLayout bkcolor="#FF192431" inset="0,0,0,0" name="layGridsView" columns="2" visible="false" />
			</HorizontalLayout>
			
			<Edit name="edRemark" float="true" pos="100,100,200,150" text="123" font="1" visible="false" />
			<Edit name="edRemark_1" float="true" pos="100,100,200,150" text="123" font="1" visible="false" />
			<Control name="dragDropTag" float="true" pos="100,100,580,200" text="123" font="1" visible="false" bkcolor="#AA000000" />
		</VerticalLayout>
	
		<!-- 状态栏 -->
		<HorizontalLayout name="layStatus" height="30" bkcolor="#FF3A4F67" inset="10,3,10,3">
			<Label name="lblLaunchStatus"  text="发射器连接断开"  font="1" textcolor="#FFFFFFFF" width="130" />
			<Control width="1" bkimage="sep.png" />
			<Control width="20" />
			<Label name="lblBarTips"  text=""  font="1" textcolor="#FFF8992F" width="450"  />
			<Control width="1" bkimage="sep.png" />
			<Control width="20" />
			<Label name="lblDbTips"  text="数据库连接断开"  font="1" textcolor="#FFFFFFFF" width="150"  />			
			<Control width="1" bkimage="sep.png" />
			<Control width="20" />
			<Label name="lblProcessTips"  text=""  font="1" textcolor="#FFCAF100" width="250"  />
			<Control width="1" bkimage="sep.png" />
			<Control width="20" />
			<Label name="lblConflict"  text=""  font="1" textcolor="#FFF8992F" />			
			<Control width="1" bkimage="sep.png" />
			<Control width="10" />
		</HorizontalLayout>
	
	</VerticalLayout>
	
</Window>