<?xml version="1.0" encoding="utf-8"?>
<Window>
	<HorizontalLayout height="30"  >
		<Label name="lblTagPos"    text="123"  width="150" align="center" textcolor="#FF386382" font="1" />
		<Label name="lblTagId"     text="456"  width="160" align="center" textcolor="#FF386382" font="1" />
		
		<VerticalLayout>
			<Control />
				<Combo name="cmbTagName"   width="80"  height="30" normalimage="file='Combo_nor.bmp' corner='2,2,24,2'" hotimage="file='Combo_over.bmp' corner='2,2,24,2'" pushedimage=	   "file='Combo_over.bmp' corner='2,2,24,2'" textpadding="5,1,5,1" itemfont="1" itemtextcolor="#FF386382" itemselectedtextcolor="#FF386382" height="25" >
				</Combo>
			<Control />
		</VerticalLayout> 		
	</HorizontalLayout>	
</Window>