<?xml version="1.0" encoding="UTF-8"?>
<Window size="800,600" mininfo="800,600" caption="0,0,0,32" sizebox="4,4,4,4" roundcorner="0,0"> <!-- 窗口的初始尺寸(宽800，高600)、窗口的最小尺寸(宽600，高400)、标题栏拖拽区域(高32)、可拖拽边框大小(这里添加sizebox后就可以拖拽边框调整大小了) -->
	<Font id="0" name="宋体" size="12" bold="true" />
	<Font id="1" name="宋体" size="30" bold="false" />
	<Font id="2" name="宋体" size="20" bold="false" />
	<Font id="3" name="宋体" size="15" bold="false" />
	<Default name="VScrollBar" value="button1normalimage=&quot;file='scrollbar.bmp' source='0,90,16,106' mask='#FFFF00FF'&quot; button1hotimage=&quot;file='scrollbar.bmp' source='18,90,34,106' mask='#FFFF00FF'&quot; button1pushedimage=&quot;file='scrollbar.bmp' source='36,90,52,106' mask='#FFFF00FF'&quot; button1disabledimage=&quot;file='scrollbar.bmp' source='54,90,70,106' mask='#FFFF00FF'&quot; button2normalimage=&quot;file='scrollbar.bmp' source='0,108,16,124' mask='#FFFF00FF'&quot; button2hotimage=&quot;file='scrollbar.bmp' source='18,108,34,124' mask='#FFFF00FF'&quot; button2pushedimage=&quot;file='scrollbar.bmp' source='36,108,52,124' mask='#FFFF00FF'&quot; button2disabledimage=&quot;file='scrollbar.bmp' source='54,108,70,124' mask='#FFFF00FF'&quot; thumbnormalimage=&quot;file='scrollbar.bmp' source='0,126,16,142' corner='2,2,2,2' mask='#FFFF00FF'&quot; thumbhotimage=&quot;file='scrollbar.bmp' source='18,126,34,142' corner='2,2,2,2' mask='#FFFF00FF'&quot; thumbpushedimage=&quot;file='scrollbar.bmp' source='36,126,52,142' corner='2,2,2,2' mask='#FFFF00FF'&quot; thumbdisabledimage=&quot;file='scrollbar.bmp' source='54,126,70,142' corner='2,2,2,2' mask='#FFFF00FF'&quot; railnormalimage=&quot;file='scrollbar.bmp' source='0,144,16,160' corner='2,2,2,2' mask='#FFFF00FF'&quot; railhotimage=&quot;file='scrollbar.bmp' source='18,144,34,160' corner='2,2,2,2' mask='#FFFF00FF'&quot; railpushedimage=&quot;file='scrollbar.bmp' source='36,144,52,160' corner='2,2,2,2' mask='#FFFF00FF'&quot; raildisabledimage=&quot;file='scrollbar.bmp' source='54,144,70,160' corner='2,2,2,2' mask='#FFFF00FF'&quot; bknormalimage=&quot;file='scrollbar.bmp' source='0,162,16,178' corner='2,2,2,2' mask='#FFFF00FF'&quot; bkhotimage=&quot;file='scrollbar.bmp' source='18,162,34,178' corner='2,2,2,2' mask='#FFFF00FF'&quot; bkpushedimage=&quot;file='scrollbar.bmp' source='36,162,52,178' corner='2,2,2,2' mask='#FFFF00FF'&quot; bkdisabledimage=&quot;file='scrollbar.bmp' source='54,162,70,178' corner='2,2,2,2' mask='#FFFF00FF'&quot; " />
	<Default name="HScrollBar" value="button1normalimage=&quot;file='scrollbar.bmp' source='0,0,16,16' mask='#FFFF00FF'&quot; button1hotimage=&quot;file='scrollbar.bmp' source='18,0,34,16' mask='#FFFF00FF'&quot; button1pushedimage=&quot;file='scrollbar.bmp' source='36,0,52,16' mask='#FFFF00FF'&quot; button1disabledimage=&quot;file='scrollbar.bmp' source='54,0,70,16' mask='#FFFF00FF'&quot; button2normalimage=&quot;file='scrollbar.bmp' source='0,18,16,34' mask='#FFFF00FF'&quot; button2hotimage=&quot;file='scrollbar.bmp' source='18,18,34,34' mask='#FFFF00FF'&quot; button2pushedimage=&quot;file='scrollbar.bmp' source='36,18,52,34' mask='#FFFF00FF'&quot; button2disabledimage=&quot;file='scrollbar.bmp' source='54,18,70,34' mask='#FFFF00FF'&quot; thumbnormalimage=&quot;file='scrollbar.bmp' source='0,36,16,52' corner='2,2,2,2' mask='#FFFF00FF'&quot; thumbhotimage=&quot;file='scrollbar.bmp' source='18,36,34,52' corner='2,2,2,2' mask='#FFFF00FF'&quot; thumbpushedimage=&quot;file='scrollbar.bmp' source='36,36,52,52' corner='2,2,2,2' mask='#FFFF00FF'&quot; thumbdisabledimage=&quot;file='scrollbar.bmp' source='54,36,70,52' corner='2,2,2,2' mask='#FFFF00FF'&quot; railnormalimage=&quot;file='scrollbar.bmp' source='0,54,16,70' corner='2,2,2,2' mask='#FFFF00FF'&quot; railhotimage=&quot;file='scrollbar.bmp' source='18,54,34,70' corner='2,2,2,2' mask='#FFFF00FF'&quot; railpushedimage=&quot;file='scrollbar.bmp' source='36,54,52,70' corner='2,2,2,2' mask='#FFFF00FF'&quot; raildisabledimage=&quot;file='scrollbar.bmp' source='54,54,70,70' corner='2,2,2,2' mask='#FFFF00FF'&quot; bknormalimage=&quot;file='scrollbar.bmp' source='0,72,16,88' corner='2,2,2,2' mask='#FFFF00FF'&quot; bkhotimage=&quot;file='scrollbar.bmp' source='18,72,34,88' corner='2,2,2,2' mask='#FFFF00FF'&quot; bkpushedimage=&quot;file='scrollbar.bmp' source='36,72,52,88' corner='2,2,2,2' mask='#FFFF00FF'&quot; bkdisabledimage=&quot;file='scrollbar.bmp' source='54,72,70,88' corner='2,2,2,2' mask='#FFFF00FF'&quot; " />
	
	<VerticalLayout>
		<VerticalLayout bkcolor="#FFD1E8F5" bkcolor2="#FFC6E0F1" bordercolor="#FF768D9B" bordersize="1" inset="1,1,1,1" > <!-- 整个窗口的背景色 -->
			<!-- 标题栏区 -->
			<HorizontalLayout height="32" bkcolor="#FFCCE3F0" > <!-- 标题栏背景色 bkcolor、bkcolor2、bkcolor3分别是渐变色的三个值-->   
				<HorizontalLayout inset="10,1,10,1" width="250" >
					<Container width="61" height="27" bkimage="file='logo.png'" />
					<VerticalLayout>
						<Control />
						<Text text="小蓝牙Reader检测工具" textcolor="#FF447AA1" font="0" />
						<Control />
					</VerticalLayout>
				</HorizontalLayout>
				<VerticalLayout /> <!-- 占空位，占据左边所有的空位-->
				<VerticalLayout width="100"> <!-- 右边三个控件所占的宽度-->
					<Button name="minbtn"                     tooltip="最小化" float="true" pos="0,5,26,23"  width="26" normalimage=" file='frame_btn_min.bmp' source='0,0,26,18' mask='#FFFF00FF' " hotimage=" file='frame_btn_min.bmp' source='26,0,52,18' mask='#FFFF00FF' " pushedimage=" file='frame_btn_min.bmp' source='52,0,78,18' mask='#FFFF00FF' "/>
					<Button name="maxbtn"                     tooltip="最大化" float="true" pos="26,5,52,23" width="26" normalimage=" file='frame_btn_max.bmp' source='0,0,26,18'"                   hotimage=" file='frame_btn_max.bmp' source='26,0,52,18'"                   pushedimage=" file='frame_btn_max.bmp' source='52,0,78,18' " />
					<Button name="restorebtn" visible="false" tooltip="还原"   float="true" pos="26,5,52,23" width="26" normalimage=" file='frame_btn_max.bmp' source='104,0,130,18'"                hotimage=" file='frame_btn_max.bmp' source='130,0,156,18'"                 pushedimage=" file='frame_btn_max.bmp' source='156,0,182,18' " />
					<Button name="closebtn"                   tooltip="关闭"   float="true" pos="52,5,78,23" width="42" normalimage=" file='frame_btn_close_normal.bmp' mask='#FFFF00FF'" hotimage=" file='frame_btn_close_hot.bmp' mask='#FFFF00FF'" pushedimage=" file='frame_btn_close_down.bmp' mask='#FFFF00FF'"/>
				</VerticalLayout>      
			</HorizontalLayout>
			
			<!-- 客户区 -->
			<VerticalLayout>
				<HorizontalLayout height="30">
					<Button text="设置" name="btnSetting" width="80" height="30" bordercolor="#FF768D9B" bordersize="0" hotimage="toolbar_hover.png" textcolor="#FF447AA1" />
				</HorizontalLayout>
				
				<VerticalLayout>
					<HorizontalLayout />
					<HorizontalLayout height="540" >
						<VerticalLayout />
						<VerticalLayout width="720" >
							<HorizontalLayout height="40">
								<Label text="请输入小蓝牙Reader地址:" textcolor="#FF447AA1" font="2" width="260" />
								<Edit font="1" textcolor="#FF447AA1" width="240" name="edReaderMac" maxchar="12" />
								<VerticalLayout width="40">
									<Control />
									<Button text="清空" width="40" textcolor="#FF447AA1" hotimage="toolbar_hover.png" height="40" name="btnClearMac" />
									<Control />
								</VerticalLayout>								
								<Control width="40" />
								<Button name="btnAutoTest" text="自动测试" font="2" textcolor="#FF386382" normalimage="file='win7_button_normal.png' corner='5,5,5,5' hole='false' " hotimage="file='win7_button_hot.png' corner='5,5,5,5' hole='false' " pushedimage="file='win7_button_pushed.png' corner='5,5,5,5' hole='false' " width="120" />
							</HorizontalLayout>
							
							<HorizontalLayout height="60" inset="0,20,0,0">
								<Label text="测试信息:" textcolor="#FF447AA1" font="2"  />
							</HorizontalLayout>
							
							<HorizontalLayout height="230" inset="10,0,0,0">
								<RichEdit text="" name="rchInfo" readonly="true" font="3" textcolor="#FF386382" vscrollbar="true" bordercolor="#FF768D9B" bordersize="1" width="510" />
								<Control width="20" />
								<VerticalLayout>
									<Control />
									<Button name="btnTemp" text="手动再测一次温度" font="2" textcolor="#FF386382" normalimage="file='win7_button_normal.png' corner='5,5,5,5' hole='false' " hotimage="file='win7_button_hot.png' corner='5,5,5,5' hole='false' " pushedimage="file='win7_button_pushed.png' corner='5,5,5,5' hole='false' " width="180" height="30" />
								</VerticalLayout>								
							</HorizontalLayout>
							
							<HorizontalLayout height="60" inset="0,20,0,0">
								<Label text="测试结果:" textcolor="#FF447AA1" font="2"  />
							</HorizontalLayout>
							
							<HorizontalLayout height="30" inset="10,0,0,0">
								<VerticalLayout width="17">
									<Control />
									<Option name="radio1"  group="radio" text="" textcolor="#FF000000" normalimage="file='radio_normal.png' source='0,0,17,17'" selectedimage="file='radio_selected.png' source='0,0,17,17'" width="17"  height="17"  />
									<Control />
								</VerticalLayout>
								<Control width="10" />
								<Label text="通过" width="40" font="2" textcolor="#FF386382" />
								
								<Control width="40" />
								<VerticalLayout width="17">
									<Control />
									<Option name="radio2"  group="radio" text="" textcolor="#FF000000" normalimage="file='radio_normal.png' source='0,0,17,17'" selectedimage="file='radio_selected.png' source='0,0,17,17'" width="17"  height="17"  />
									<Control />
								</VerticalLayout>
								<Control width="10" />
								<Label text="不通过" width="60" font="2" textcolor="#FF386382" />	
							</HorizontalLayout>
							
							<HorizontalLayout height="30" inset="10,0,0,0">
								<Label text="不通过原因:" width="140" font="2" textcolor="#FF386382" />
								<VerticalLayout width="16" >
									<Control />
									<Option name="option1" text="" normalimage="file='cb_normal.png' dest='0,0,16.16'" hotimage="file='cb_hot.png' dest='0,0,16.16'" pushedimage="file='cb_pushed.png' dest='0,0,16.16'" selectedimage="file='cb_selected.png' dest='0,0,16,16'" width="16" height="16" />
									<Control />
								</VerticalLayout>								
								<Control width="10" />
								<Label text="连接蓝牙失败" width="120" font="2" textcolor="#FF386382" />
								
								<Control width="30" />
								<VerticalLayout width="16" >
									<Control />
									<Option name="option2" text="" normalimage="file='cb_normal.png' dest='0,0,16.16'" hotimage="file='cb_hot.png' dest='0,0,16.16'" pushedimage="file='cb_pushed.png' dest='0,0,16.16'" selectedimage="file='cb_selected.png' dest='0,0,16,16'" width="16" height="16" />
									<Control />
								</VerticalLayout>								
								<Control width="10" />
								<Label text="测温失败或很难测到" width="180" font="2" textcolor="#FF386382" />
								
								<Control width="30" />
								<VerticalLayout width="16" >
									<Control />
									<Option name="option3" text="" normalimage="file='cb_normal.png' dest='0,0,16.16'" hotimage="file='cb_hot.png' dest='0,0,16.16'" pushedimage="file='cb_pushed.png' dest='0,0,16.16'" selectedimage="file='cb_selected.png' dest='0,0,16,16'" width="16" height="16" />
									<Control />
								</VerticalLayout>								
								<Control width="10" />
								<Label text="测温数据有误" width="120" font="2" textcolor="#FF386382" />
							</HorizontalLayout>
							
							<HorizontalLayout height="30" inset="10,0,0,0">
								<Button name="btnSaveResult" text="保存结果" font="2" textcolor="#FF386382" normalimage="file='win7_button_normal.png' corner='5,5,5,5' hole='false' " hotimage="file='win7_button_hot.png' corner='5,5,5,5' hole='false' " pushedimage="file='win7_button_pushed.png' corner='5,5,5,5' hole='false' " width="120" />
							</HorizontalLayout>
							
						</VerticalLayout>
						<VerticalLayout />
					</HorizontalLayout>
					<HorizontalLayout />
				</VerticalLayout>
			</VerticalLayout>			
			
			<!--Tab区-->		
		</VerticalLayout>
		
		<!-- 状态栏 -->
		<HorizontalLayout height="30" bkcolor="#FF007ACC" inset="10,3,10,3">
			<Label name="lblStatus"     text=""         width="250" font="0" textcolor="#FFCAF100"  /><Control width="1" bkimage="sep.png" /><Control width="10" />		
		</HorizontalLayout>
	</VerticalLayout>
</Window>